Brand,Date,Product,Category,City,Price,Quantity,DeliveryTime(min),PaymentMode,Rating,TotalAmount,DeliverySpeed,OrderMonth,OrderWeekday,OrderDay,IsWeekend,RatingCategory
Blinkit,2024-04-01,Biscuits,Bakery,Hyderabad,127,3,18,Card,3.0,381,Medium,April,Monday,1,False,Medium
Blinkit,2024-04-02,Atta,Grains,Bangalore,142,3,12,Upi,1.0,426,Fast,April,Tuesday,2,False,Low
Zepto,2024-04-03,Paneer,Dairy,Chennai,170,5,9,Upi,3.0,850,Fast,April,Wednesday,3,False,Medium
Blinkit,2024-04-04,Milk,Dairy,Mumbai,249,3,16,Upi,2.0,747,Medium,April,Thursday,4,False,Low
Zepto,2024-04-05,Biscuits,Bakery,Delhi,161,4,12,Upi,2.0,644,Fast,April,Friday,5,False,Low
Zepto,2024-04-06,Juice,Beverages,Hyderabad,124,1,18,Upi,5.0,124,Medium,April,Saturday,6,True,High
Blinkit,2024-04-07,Rice,Grains,Hyderabad,64,4,20,Card,3.0,256,Medium,April,Sunday,7,True,Medium
Zepto,2024-04-08,Atta,Grains,Chennai,163,3,10,Card,3.0,489,Fast,April,Monday,8,False,Medium
Zepto,2024-04-09,Eggs,Poultry,Mumbai,154,2,10,Card,3.0,308,Fast,April,Tuesday,9,False,Medium
Blinkit,2024-04-10,Bread,Bakery,Mumbai,166,2,10,Cod,3.0,332,Fast,April,Wednesday,10,False,Medium
Blinkit,2024-04-11,Rice,Grains,Mumbai,76,3,14,Card,3.0,228,Fast,April,Thursday,11,False,Medium
Zepto,2024-04-12,Rice,Grains,Mumbai,240,1,16,Upi,2.0,240,Medium,April,Friday,12,False,Low
Zepto,2024-04-13,Milk,Dairy,Hyderabad,195,5,12,Cod,3.0,975,Fast,April,Saturday,13,True,Medium
Blinkit,2024-04-14,Milk,Dairy,Bangalore,178,3,10,Cod,3.0,534,Fast,April,Sunday,14,True,Medium
Zepto,2024-04-15,Milk,Dairy,Mumbai,51,2,20,Card,3.0,102,Medium,April,Monday,15,False,Medium
Blinkit,2024-04-16,Milk,Dairy,Chennai,153,4,10,Cod,3.0,612,Fast,April,Tuesday,16,False,Medium
Zepto,2024-04-17,Snacks,Snacks,Bangalore,190,1,16,Upi,3.0,190,Medium,April,Wednesday,17,False,Medium
Blinkit,2024-04-18,Bread,Bakery,Hyderabad,234,4,21,Cod,3.0,936,Slow,April,Thursday,18,False,Medium
Blinkit,2024-04-19,Snacks,Snacks,Bangalore,54,2,23,Upi,5.0,108,Slow,April,Friday,19,False,High
Blinkit,2024-04-20,Milk,Dairy,Delhi,62,4,16,Card,3.0,248,Medium,April,Saturday,20,True,Medium
Zepto,2024-04-21,Snacks,Snacks,Mumbai,61,5,8,Cod,3.0,305,Fast,April,Sunday,21,True,Medium
Blinkit,2024-04-22,Eggs,Poultry,Mumbai,234,2,19,Cod,2.0,468,Medium,April,Monday,22,False,Low
Blinkit,2024-04-23,Rice,Grains,Mumbai,61,3,22,Upi,3.0,183,Slow,April,Tuesday,23,False,Medium
Zepto,2024-04-24,Atta,Grains,Delhi,57,2,9,Upi,4.0,114,Fast,April,Wednesday,24,False,High
Zepto,2024-04-25,Coke,Beverages,Mumbai,84,5,13,Card,1.0,420,Fast,April,Thursday,25,False,Low
Zepto,2024-04-26,Paneer,Dairy,Mumbai,78,2,7,Upi,4.0,156,Fast,April,Friday,26,False,High
Blinkit,2024-04-27,Atta,Grains,Bangalore,117,4,18,Card,1.0,468,Medium,April,Saturday,27,True,Low
Zepto,2024-04-28,Paneer,Dairy,Mumbai,127,5,12,Card,5.0,635,Fast,April,Sunday,28,True,High
Zepto,2024-04-29,Juice,Beverages,Bangalore,67,3,7,Card,2.0,201,Fast,April,Monday,29,False,Low
Blinkit,2024-04-30,Milk,Dairy,Bangalore,69,3,21,Card,2.0,207,Slow,April,Tuesday,30,False,Low
Zepto,2024-05-01,Snacks,Snacks,Hyderabad,110,1,18,Card,3.0,110,Medium,May,Wednesday,1,False,Medium
Blinkit,2024-05-02,Bread,Bakery,Mumbai,213,5,21,Cod,4.0,1065,Slow,May,Thursday,2,False,High
Blinkit,2024-05-03,Coke,Beverages,Delhi,152,1,25,Card,1.0,152,Slow,May,Friday,3,False,Low
Zepto,2024-05-04,Milk,Dairy,Chennai,135,5,12,Upi,4.0,675,Fast,May,Saturday,4,True,High
Zepto,2024-05-05,Paneer,Dairy,Mumbai,192,5,8,Upi,1.0,960,Fast,May,Sunday,5,True,Low
Zepto,2024-05-06,Eggs,Poultry,Mumbai,63,1,13,Cod,5.0,63,Fast,May,Monday,6,False,High
Blinkit,2024-05-07,Eggs,Poultry,Delhi,166,2,14,Cod,1.0,332,Fast,May,Tuesday,7,False,Low
Zepto,2024-05-08,Bread,Bakery,Hyderabad,181,3,13,Card,5.0,543,Fast,May,Wednesday,8,False,High
Blinkit,2024-05-09,Atta,Grains,Delhi,60,3,24,Card,1.0,180,Slow,May,Thursday,9,False,Low
Blinkit,2024-05-10,Coke,Beverages,Hyderabad,119,3,17,Cod,2.0,357,Medium,May,Friday,10,False,Low
Zepto,2024-05-11,Rice,Grains,Delhi,224,5,20,Card,3.0,1120,Medium,May,Saturday,11,True,Medium
Blinkit,2024-05-12,Juice,Beverages,Bangalore,82,3,12,Card,1.0,246,Fast,May,Sunday,12,True,Low
Zepto,2024-05-13,Atta,Grains,Hyderabad,75,1,17,Cod,2.0,75,Medium,May,Monday,13,False,Low
Zepto,2024-05-14,Butter,Dairy,Chennai,87,2,9,Upi,2.0,174,Fast,May,Tuesday,14,False,Low
Blinkit,2024-05-15,Snacks,Snacks,Mumbai,118,1,17,Upi,1.0,118,Medium,May,Wednesday,15,False,Low
Blinkit,2024-05-16,Juice,Beverages,Hyderabad,199,2,11,Upi,2.0,398,Fast,May,Thursday,16,False,Low
Blinkit,2024-05-17,Eggs,Poultry,Hyderabad,131,2,12,Cod,3.0,262,Fast,May,Friday,17,False,Medium
Blinkit,2024-05-18,Bread,Bakery,Chennai,88,1,18,Upi,1.0,88,Medium,May,Saturday,18,True,Low
Blinkit,2024-05-19,Coke,Beverages,Chennai,209,4,15,Cod,3.0,836,Medium,May,Sunday,19,True,Medium
Zepto,2024-05-20,Atta,Grains,Hyderabad,223,1,20,Card,4.0,223,Medium,May,Monday,20,False,High
Zepto,2024-05-21,Bread,Bakery,Mumbai,164,2,17,Upi,3.0,328,Medium,May,Tuesday,21,False,Medium
Zepto,2024-05-22,Paneer,Dairy,Bangalore,109,2,14,Cod,3.0,218,Fast,May,Wednesday,22,False,Medium
Zepto,2024-05-23,Biscuits,Bakery,Mumbai,51,4,9,Card,1.0,204,Fast,May,Thursday,23,False,Low
Blinkit,2024-05-24,Rice,Grains,Hyderabad,208,1,12,Card,2.0,208,Fast,May,Friday,24,False,Low
Zepto,2024-05-25,Juice,Beverages,Chennai,146,3,9,Card,2.0,438,Fast,May,Saturday,25,True,Low
Blinkit,2024-05-26,Coke,Beverages,Bangalore,79,3,17,Card,5.0,237,Medium,May,Sunday,26,True,High
Blinkit,2024-05-27,Rice,Grains,Delhi,61,3,20,Card,5.0,183,Medium,May,Monday,27,False,High
Zepto,2024-05-28,Eggs,Poultry,Chennai,152,3,20,Upi,3.0,456,Medium,May,Tuesday,28,False,Medium
Zepto,2024-05-29,Rice,Grains,Delhi,185,2,12,Cod,2.0,370,Fast,May,Wednesday,29,False,Low
Zepto,2024-05-30,Butter,Dairy,Mumbai,172,2,11,Card,3.0,344,Fast,May,Thursday,30,False,Medium
Blinkit,2024-05-31,Atta,Grains,Hyderabad,124,2,14,Cod,1.0,248,Fast,May,Friday,31,False,Low
Zepto,2024-06-01,Biscuits,Bakery,Hyderabad,104,5,18,Upi,3.0,520,Medium,June,Saturday,1,True,Medium
Blinkit,2024-06-02,Eggs,Poultry,Mumbai,150,1,17,Upi,4.0,150,Medium,June,Sunday,2,True,High
Blinkit,2024-06-03,Atta,Grains,Delhi,192,5,22,Cod,3.0,960,Slow,June,Monday,3,False,Medium
Blinkit,2024-06-04,Butter,Dairy,Bangalore,115,2,25,Cod,3.0,230,Slow,June,Tuesday,4,False,Medium
Zepto,2024-06-05,Snacks,Snacks,Hyderabad,80,4,8,Cod,3.0,320,Fast,June,Wednesday,5,False,Medium
Zepto,2024-06-06,Milk,Dairy,Bangalore,79,4,8,Cod,3.0,316,Fast,June,Thursday,6,False,Medium
Blinkit,2024-06-07,Snacks,Snacks,Delhi,59,4,13,Card,3.0,236,Fast,June,Friday,7,False,Medium
Blinkit,2024-06-08,Paneer,Dairy,Bangalore,210,5,15,Card,5.0,1050,Medium,June,Saturday,8,True,High
Blinkit,2024-06-09,Biscuits,Bakery,Chennai,144,1,15,Card,2.0,144,Medium,June,Sunday,9,True,Low
Blinkit,2024-06-10,Rice,Grains,Delhi,73,1,15,Upi,3.0,73,Medium,June,Monday,10,False,Medium
Zepto,2024-06-11,Paneer,Dairy,Mumbai,34,4,9,Cod,1.0,136,Fast,June,Tuesday,11,False,Low
Zepto,2024-06-12,Coke,Beverages,Delhi,228,4,8,Upi,5.0,912,Fast,June,Wednesday,12,False,High
Blinkit,2024-06-13,Biscuits,Bakery,Chennai,170,4,19,Cod,1.0,680,Medium,June,Thursday,13,False,Low
Blinkit,2024-06-14,Eggs,Poultry,Mumbai,184,1,25,Card,3.0,184,Slow,June,Friday,14,False,Medium
Zepto,2024-06-15,Rice,Grains,Chennai,153,1,18,Upi,5.0,153,Medium,June,Saturday,15,True,High
Blinkit,2024-06-16,Rice,Grains,Mumbai,249,3,16,Upi,5.0,747,Medium,June,Sunday,16,True,High
Blinkit,2024-06-17,Biscuits,Bakery,Mumbai,159,1,11,Card,4.0,159,Fast,June,Monday,17,False,High
Zepto,2024-06-18,Paneer,Dairy,Hyderabad,234,3,14,Upi,5.0,702,Fast,June,Tuesday,18,False,High
Blinkit,2024-06-19,Juice,Beverages,Bangalore,204,1,23,Cod,4.0,204,Slow,June,Wednesday,19,False,High
Blinkit,2024-06-20,Juice,Beverages,Delhi,203,4,10,Cod,5.0,812,Fast,June,Thursday,20,False,High
Zepto,2024-06-21,Atta,Grains,Delhi,160,4,18,Upi,5.0,640,Medium,June,Friday,21,False,High
Blinkit,2024-06-22,Rice,Grains,Hyderabad,221,5,24,Upi,5.0,1105,Slow,June,Saturday,22,True,High
Zepto,2024-06-23,Juice,Beverages,Bangalore,238,5,8,Upi,3.0,1190,Fast,June,Sunday,23,True,Medium
Blinkit,2024-06-24,Biscuits,Bakery,Hyderabad,225,2,21,Card,1.0,450,Slow,June,Monday,24,False,Low
Zepto,2024-06-25,Snacks,Snacks,Bangalore,201,5,12,Upi,3.0,1005,Fast,June,Tuesday,25,False,Medium
Blinkit,2024-06-26,Biscuits,Bakery,Bangalore,172,5,23,Upi,3.0,860,Slow,June,Wednesday,26,False,Medium
Zepto,2024-06-27,Biscuits,Bakery,Chennai,184,1,14,Upi,5.0,184,Fast,June,Thursday,27,False,High
Blinkit,2024-06-28,Juice,Beverages,Chennai,142,3,18,Card,2.0,426,Medium,June,Friday,28,False,Low
Blinkit,2024-06-29,Atta,Grains,Chennai,31,4,22,Upi,2.0,124,Slow,June,Saturday,29,True,Low
Zepto,2024-06-30,Bread,Bakery,Chennai,113,3,14,Cod,5.0,339,Fast,June,Sunday,30,True,High
Zepto,2024-07-01,Milk,Dairy,Delhi,208,1,12,Cod,5.0,208,Fast,July,Monday,1,False,High
Zepto,2024-07-02,Juice,Beverages,Bangalore,197,4,16,Card,2.0,788,Medium,July,Tuesday,2,False,Low
Blinkit,2024-07-03,Juice,Beverages,Delhi,104,5,12,Card,3.0,520,Fast,July,Wednesday,3,False,Medium
Blinkit,2024-07-04,Snacks,Snacks,Chennai,202,5,11,Card,2.0,1010,Fast,July,Thursday,4,False,Low
Blinkit,2024-07-05,Butter,Dairy,Chennai,216,4,14,Upi,4.0,864,Fast,July,Friday,5,False,High
Zepto,2024-07-06,Rice,Grains,Delhi,95,5,18,Card,1.0,475,Medium,July,Saturday,6,True,Low
Blinkit,2024-07-07,Butter,Dairy,Bangalore,145,5,25,Card,2.0,725,Slow,July,Sunday,7,True,Low
Blinkit,2024-07-08,Snacks,Snacks,Bangalore,240,5,21,Upi,3.0,1200,Slow,July,Monday,8,False,Medium
Blinkit,2024-07-09,Snacks,Snacks,Bangalore,133,1,25,Upi,2.0,133,Slow,July,Tuesday,9,False,Low
Zepto,2024-07-10,Atta,Grains,Hyderabad,38,5,12,Upi,3.0,190,Fast,July,Wednesday,10,False,Medium
Zepto,2024-07-11,Biscuits,Bakery,Chennai,116,3,9,Upi,1.0,348,Fast,July,Thursday,11,False,Low
Zepto,2024-07-12,Rice,Grains,Chennai,131,5,14,Upi,2.0,655,Fast,July,Friday,12,False,Low
Zepto,2024-07-13,Juice,Beverages,Delhi,37,2,20,Upi,1.0,74,Medium,July,Saturday,13,True,Low
Zepto,2024-07-14,Coke,Beverages,Delhi,49,2,16,Cod,3.0,98,Medium,July,Sunday,14,True,Medium
Zepto,2024-07-15,Snacks,Snacks,Hyderabad,59,3,8,Card,3.0,177,Fast,July,Monday,15,False,Medium
Blinkit,2024-07-16,Paneer,Dairy,Hyderabad,168,3,13,Upi,1.0,504,Fast,July,Tuesday,16,False,Low
Blinkit,2024-07-17,Biscuits,Bakery,Bangalore,167,1,11,Upi,5.0,167,Fast,July,Wednesday,17,False,High
Blinkit,2024-07-18,Milk,Dairy,Delhi,164,1,11,Upi,2.0,164,Fast,July,Thursday,18,False,Low
Blinkit,2024-07-19,Bread,Bakery,Bangalore,136,1,19,Card,2.0,136,Medium,July,Friday,19,False,Low
Zepto,2024-07-20,Coke,Beverages,Hyderabad,97,5,17,Cod,2.0,485,Medium,July,Saturday,20,True,Low
Zepto,2024-07-21,Coke,Beverages,Delhi,56,2,12,Card,4.0,112,Fast,July,Sunday,21,True,High
Blinkit,2024-07-22,Butter,Dairy,Mumbai,36,4,14,Card,5.0,144,Fast,July,Monday,22,False,High
Zepto,2024-07-23,Bread,Bakery,Hyderabad,214,2,15,Card,4.0,428,Medium,July,Tuesday,23,False,High
Zepto,2024-07-24,Biscuits,Bakery,Mumbai,234,2,16,Upi,3.0,468,Medium,July,Wednesday,24,False,Medium
Zepto,2024-07-25,Snacks,Snacks,Delhi,101,1,13,Cod,5.0,101,Fast,July,Thursday,25,False,High
Zepto,2024-07-26,Biscuits,Bakery,Delhi,136,1,11,Cod,2.0,136,Fast,July,Friday,26,False,Low
Blinkit,2024-07-27,Butter,Dairy,Bangalore,219,3,25,Card,5.0,657,Slow,July,Saturday,27,True,High
Blinkit,2024-07-28,Atta,Grains,Delhi,177,4,23,Card,3.0,708,Slow,July,Sunday,28,True,Medium
Zepto,2024-07-29,Coke,Beverages,Delhi,239,2,8,Cod,4.0,478,Fast,July,Monday,29,False,High
Blinkit,2024-07-30,Paneer,Dairy,Hyderabad,128,2,20,Card,5.0,256,Medium,July,Tuesday,30,False,High
Blinkit,2024-07-31,Juice,Beverages,Chennai,249,5,13,Upi,4.0,1245,Fast,July,Wednesday,31,False,High
Zepto,2024-08-01,Juice,Beverages,Hyderabad,124,3,18,Card,2.0,372,Medium,August,Thursday,1,False,Low
Zepto,2024-08-02,Milk,Dairy,Hyderabad,238,4,19,Cod,3.0,952,Medium,August,Friday,2,False,Medium
Zepto,2024-08-03,Bread,Bakery,Bangalore,231,2,18,Cod,5.0,462,Medium,August,Saturday,3,True,High
Zepto,2024-08-04,Eggs,Poultry,Hyderabad,153,1,12,Cod,4.0,153,Fast,August,Sunday,4,True,High
Blinkit,2024-08-05,Bread,Bakery,Bangalore,101,1,19,Card,3.0,101,Medium,August,Monday,5,False,Medium
Zepto,2024-08-06,Milk,Dairy,Mumbai,161,3,19,Card,3.0,483,Medium,August,Tuesday,6,False,Medium
Zepto,2024-08-07,Coke,Beverages,Mumbai,180,3,9,Cod,1.0,540,Fast,August,Wednesday,7,False,Low
Blinkit,2024-08-08,Snacks,Snacks,Mumbai,63,1,24,Card,5.0,63,Slow,August,Thursday,8,False,High
Blinkit,2024-08-09,Rice,Grains,Delhi,64,1,19,Card,3.0,64,Medium,August,Friday,9,False,Medium
Zepto,2024-08-10,Snacks,Snacks,Bangalore,206,3,8,Card,4.0,618,Fast,August,Saturday,10,True,High
Zepto,2024-08-11,Bread,Bakery,Bangalore,89,1,17,Cod,3.0,89,Medium,August,Sunday,11,True,Medium
Blinkit,2024-08-12,Juice,Beverages,Hyderabad,40,1,24,Cod,4.0,40,Slow,August,Monday,12,False,High
Zepto,2024-08-13,Rice,Grains,Mumbai,110,4,9,Cod,1.0,440,Fast,August,Tuesday,13,False,Low
Zepto,2024-08-14,Milk,Dairy,Chennai,180,5,18,Cod,2.0,900,Medium,August,Wednesday,14,False,Low
Blinkit,2024-08-15,Eggs,Poultry,Mumbai,158,1,11,Cod,3.0,158,Fast,August,Thursday,15,False,Medium
Blinkit,2024-08-16,Butter,Dairy,Chennai,73,2,21,Upi,5.0,146,Slow,August,Friday,16,False,High
Zepto,2024-08-17,Eggs,Poultry,Hyderabad,127,1,13,Upi,3.0,127,Fast,August,Saturday,17,True,Medium
Blinkit,2024-08-18,Coke,Beverages,Chennai,157,2,10,Card,2.0,314,Fast,August,Sunday,18,True,Low
Blinkit,2024-08-19,Bread,Bakery,Hyderabad,150,1,17,Card,1.0,150,Medium,August,Monday,19,False,Low
Zepto,2024-08-20,Rice,Grains,Delhi,133,3,12,Card,2.0,399,Fast,August,Tuesday,20,False,Low
Blinkit,2024-08-21,Coke,Beverages,Chennai,153,3,15,Upi,4.0,459,Medium,August,Wednesday,21,False,High
Zepto,2024-08-22,Butter,Dairy,Chennai,96,3,16,Card,4.0,288,Medium,August,Thursday,22,False,High
Blinkit,2024-08-23,Atta,Grains,Bangalore,220,1,18,Card,5.0,220,Medium,August,Friday,23,False,High
Blinkit,2024-08-24,Butter,Dairy,Mumbai,227,1,24,Cod,2.0,227,Slow,August,Saturday,24,True,Low
Blinkit,2024-08-25,Bread,Bakery,Chennai,160,5,16,Cod,4.0,800,Medium,August,Sunday,25,True,High
Zepto,2024-08-26,Milk,Dairy,Delhi,34,1,9,Upi,3.0,34,Fast,August,Monday,26,False,Medium
Blinkit,2024-08-27,Bread,Bakery,Delhi,36,5,20,Card,1.0,180,Medium,August,Tuesday,27,False,Low
Zepto,2024-08-28,Rice,Grains,Delhi,126,1,10,Cod,1.0,126,Fast,August,Wednesday,28,False,Low
Blinkit,2024-08-29,Milk,Dairy,Mumbai,203,2,18,Cod,5.0,406,Medium,August,Thursday,29,False,High
Zepto,2024-08-30,Milk,Dairy,Mumbai,147,3,12,Card,1.0,441,Fast,August,Friday,30,False,Low
Zepto,2024-08-31,Coke,Beverages,Bangalore,80,3,12,Cod,1.0,240,Fast,August,Saturday,31,True,Low
Zepto,2024-09-01,Butter,Dairy,Chennai,231,5,7,Upi,2.0,1155,Fast,September,Sunday,1,True,Low
Zepto,2024-09-02,Rice,Grains,Chennai,168,2,19,Upi,4.0,336,Medium,September,Monday,2,False,High
Zepto,2024-09-03,Paneer,Dairy,Hyderabad,43,1,19,Upi,3.0,43,Medium,September,Tuesday,3,False,Medium
Zepto,2024-09-04,Bread,Bakery,Delhi,57,5,10,Cod,3.0,285,Fast,September,Wednesday,4,False,Medium
Blinkit,2024-09-05,Coke,Beverages,Chennai,191,4,21,Upi,3.0,764,Slow,September,Thursday,5,False,Medium
Blinkit,2024-09-06,Rice,Grains,Hyderabad,139,2,16,Card,1.0,278,Medium,September,Friday,6,False,Low
Zepto,2024-09-07,Rice,Grains,Bangalore,122,3,15,Upi,3.0,366,Medium,September,Saturday,7,True,Medium
Zepto,2024-09-08,Juice,Beverages,Mumbai,222,3,12,Upi,3.0,666,Fast,September,Sunday,8,True,Medium
Zepto,2024-09-09,Paneer,Dairy,Mumbai,229,5,17,Upi,4.0,1145,Medium,September,Monday,9,False,High
Zepto,2024-09-10,Bread,Bakery,Bangalore,39,5,19,Upi,3.0,195,Medium,September,Tuesday,10,False,Medium
Blinkit,2024-09-11,Eggs,Poultry,Chennai,167,5,11,Card,3.0,835,Fast,September,Wednesday,11,False,Medium
Blinkit,2024-09-12,Butter,Dairy,Hyderabad,131,5,22,Card,3.0,655,Slow,September,Thursday,12,False,Medium
Blinkit,2024-09-13,Biscuits,Bakery,Delhi,97,5,12,Upi,3.0,485,Fast,September,Friday,13,False,Medium
Zepto,2024-09-14,Eggs,Poultry,Mumbai,202,4,13,Upi,3.0,808,Fast,September,Saturday,14,True,Medium
Blinkit,2024-09-15,Atta,Grains,Chennai,59,2,19,Upi,2.0,118,Medium,September,Sunday,15,True,Low
Blinkit,2024-09-16,Milk,Dairy,Delhi,123,1,25,Card,2.0,123,Slow,September,Monday,16,False,Low
Zepto,2024-09-17,Bread,Bakery,Hyderabad,74,1,19,Cod,5.0,74,Medium,September,Tuesday,17,False,High
Zepto,2024-09-18,Rice,Grains,Mumbai,197,4,11,Upi,3.0,788,Fast,September,Wednesday,18,False,Medium
Zepto,2024-09-19,Biscuits,Bakery,Bangalore,71,2,11,Cod,1.0,142,Fast,September,Thursday,19,False,Low
Blinkit,2024-09-20,Biscuits,Bakery,Delhi,156,2,10,Card,5.0,312,Fast,September,Friday,20,False,High
Blinkit,2024-09-21,Snacks,Snacks,Delhi,157,4,21,Card,3.0,628,Slow,September,Saturday,21,True,Medium
Blinkit,2024-09-22,Rice,Grains,Chennai,242,5,12,Upi,3.0,1210,Fast,September,Sunday,22,True,Medium
Zepto,2024-09-23,Atta,Grains,Bangalore,50,1,17,Upi,3.0,50,Medium,September,Monday,23,False,Medium
Blinkit,2024-09-24,Biscuits,Bakery,Mumbai,39,5,18,Card,3.0,195,Medium,September,Tuesday,24,False,Medium
Blinkit,2024-09-25,Rice,Grains,Chennai,55,2,22,Card,3.0,110,Slow,September,Wednesday,25,False,Medium
Blinkit,2024-09-26,Milk,Dairy,Hyderabad,145,4,10,Upi,2.0,580,Fast,September,Thursday,26,False,Low
Zepto,2024-09-27,Juice,Beverages,Bangalore,146,2,16,Cod,4.0,292,Medium,September,Friday,27,False,High
Blinkit,2024-09-28,Rice,Grains,Mumbai,193,5,20,Upi,4.0,965,Medium,September,Saturday,28,True,High
Zepto,2024-09-29,Eggs,Poultry,Bangalore,62,2,16,Cod,2.0,124,Medium,September,Sunday,29,True,Low
Zepto,2024-09-30,Snacks,Snacks,Chennai,100,3,8,Cod,3.0,300,Fast,September,Monday,30,False,Medium
Blinkit,2024-10-01,Snacks,Snacks,Delhi,249,1,18,Card,5.0,249,Medium,October,Tuesday,1,False,High
Zepto,2024-10-02,Bread,Bakery,Mumbai,129,4,10,Upi,3.0,516,Fast,October,Wednesday,2,False,Medium
Zepto,2024-10-03,Eggs,Poultry,Chennai,85,3,14,Upi,1.0,255,Fast,October,Thursday,3,False,Low
Blinkit,2024-10-04,Milk,Dairy,Delhi,35,1,11,Card,4.0,35,Fast,October,Friday,4,False,High
Blinkit,2024-10-05,Juice,Beverages,Chennai,223,4,21,Card,3.0,892,Slow,October,Saturday,5,True,Medium
Blinkit,2024-10-06,Paneer,Dairy,Bangalore,136,2,11,Upi,4.0,272,Fast,October,Sunday,6,True,High
Zepto,2024-10-07,Coke,Beverages,Mumbai,119,4,14,Upi,1.0,476,Fast,October,Monday,7,False,Low
Zepto,2024-10-08,Coke,Beverages,Delhi,44,4,15,Upi,3.0,176,Medium,October,Tuesday,8,False,Medium
Zepto,2024-10-09,Coke,Beverages,Hyderabad,230,1,14,Cod,4.0,230,Fast,October,Wednesday,9,False,High
Blinkit,2024-10-10,Paneer,Dairy,Delhi,35,2,19,Cod,3.0,70,Medium,October,Thursday,10,False,Medium
Blinkit,2024-10-11,Snacks,Snacks,Chennai,228,1,21,Cod,2.0,228,Slow,October,Friday,11,False,Low
Zepto,2024-10-12,Eggs,Poultry,Bangalore,100,5,14,Cod,2.0,500,Fast,October,Saturday,12,True,Low
Blinkit,2024-10-13,Biscuits,Bakery,Mumbai,47,3,21,Cod,3.0,141,Slow,October,Sunday,13,True,Medium
Blinkit,2024-10-14,Biscuits,Bakery,Bangalore,194,2,16,Card,3.0,388,Medium,October,Monday,14,False,Medium
Zepto,2024-10-15,Atta,Grains,Mumbai,215,1,8,Card,1.0,215,Fast,October,Tuesday,15,False,Low
Zepto,2024-10-16,Butter,Dairy,Mumbai,156,4,17,Cod,3.0,624,Medium,October,Wednesday,16,False,Medium
Zepto,2024-10-17,Eggs,Poultry,Delhi,42,5,14,Cod,5.0,210,Fast,October,Thursday,17,False,High
Zepto,2024-10-18,Milk,Dairy,Delhi,132,5,16,Cod,3.0,660,Medium,October,Friday,18,False,Medium
Blinkit,2024-10-19,Coke,Beverages,Mumbai,102,4,16,Upi,4.0,408,Medium,October,Saturday,19,True,High
Zepto,2024-10-20,Paneer,Dairy,Mumbai,48,3,14,Upi,2.0,144,Fast,October,Sunday,20,True,Low
Blinkit,2024-10-21,Bread,Bakery,Chennai,229,3,12,Upi,5.0,687,Fast,October,Monday,21,False,High
Blinkit,2024-10-22,Biscuits,Bakery,Delhi,52,2,25,Cod,5.0,104,Slow,October,Tuesday,22,False,High
Zepto,2024-10-23,Atta,Grains,Mumbai,112,1,18,Upi,3.0,112,Medium,October,Wednesday,23,False,Medium
Blinkit,2024-10-24,Butter,Dairy,Delhi,59,4,14,Cod,2.0,236,Fast,October,Thursday,24,False,Low
Zepto,2024-10-25,Atta,Grains,Hyderabad,162,2,10,Upi,3.0,324,Fast,October,Friday,25,False,Medium
Blinkit,2024-10-26,Atta,Grains,Chennai,184,3,18,Cod,1.0,552,Medium,October,Saturday,26,True,Low
Zepto,2024-10-27,Bread,Bakery,Mumbai,113,4,11,Cod,3.0,452,Fast,October,Sunday,27,True,Medium
Blinkit,2024-10-28,Paneer,Dairy,Chennai,158,4,12,Upi,3.0,632,Fast,October,Monday,28,False,Medium
Blinkit,2024-10-29,Eggs,Poultry,Bangalore,189,5,22,Upi,4.0,945,Slow,October,Tuesday,29,False,High
Zepto,2024-10-30,Juice,Beverages,Chennai,98,5,19,Cod,3.0,490,Medium,October,Wednesday,30,False,Medium
Blinkit,2024-10-31,Paneer,Dairy,Delhi,162,2,13,Card,4.0,324,Fast,October,Thursday,31,False,High
Zepto,2024-11-01,Paneer,Dairy,Chennai,56,1,20,Cod,4.0,56,Medium,November,Friday,1,False,High
Blinkit,2024-11-02,Paneer,Dairy,Mumbai,197,3,22,Cod,2.0,591,Slow,November,Saturday,2,True,Low
Blinkit,2024-11-03,Snacks,Snacks,Hyderabad,38,4,12,Upi,3.0,152,Fast,November,Sunday,3,True,Medium
Zepto,2024-11-04,Bread,Bakery,Bangalore,91,2,10,Cod,2.0,182,Fast,November,Monday,4,False,Low
Blinkit,2024-11-05,Paneer,Dairy,Chennai,245,4,19,Cod,3.0,980,Medium,November,Tuesday,5,False,Medium
Blinkit,2024-11-06,Biscuits,Bakery,Delhi,68,2,21,Cod,3.0,136,Slow,November,Wednesday,6,False,Medium
Blinkit,2024-11-07,Bread,Bakery,Mumbai,194,1,16,Cod,3.0,194,Medium,November,Thursday,7,False,Medium
Zepto,2024-11-08,Eggs,Poultry,Delhi,216,1,9,Cod,3.0,216,Fast,November,Friday,8,False,Medium
Zepto,2024-11-09,Atta,Grains,Bangalore,42,1,17,Upi,4.0,42,Medium,November,Saturday,9,True,High
Blinkit,2024-11-10,Rice,Grains,Delhi,215,3,21,Upi,5.0,645,Slow,November,Sunday,10,True,High
Blinkit,2024-11-11,Butter,Dairy,Bangalore,64,3,12,Upi,3.0,192,Fast,November,Monday,11,False,Medium
Zepto,2024-11-12,Juice,Beverages,Bangalore,42,5,15,Cod,5.0,210,Medium,November,Tuesday,12,False,High
Zepto,2024-11-13,Rice,Grains,Bangalore,198,3,9,Cod,4.0,594,Fast,November,Wednesday,13,False,High
Zepto,2024-11-14,Juice,Beverages,Hyderabad,129,5,12,Card,4.0,645,Fast,November,Thursday,14,False,High
Blinkit,2024-11-15,Biscuits,Bakery,Mumbai,216,4,12,Upi,3.0,864,Fast,November,Friday,15,False,Medium
Blinkit,2024-11-16,Bread,Bakery,Chennai,146,3,18,Upi,1.0,438,Medium,November,Saturday,16,True,Low
Zepto,2024-11-17,Coke,Beverages,Hyderabad,90,1,19,Upi,3.0,90,Medium,November,Sunday,17,True,Medium
Blinkit,2024-11-18,Milk,Dairy,Chennai,42,3,20,Cod,4.0,126,Medium,November,Monday,18,False,High
Zepto,2024-11-19,Atta,Grains,Hyderabad,58,5,16,Upi,3.0,290,Medium,November,Tuesday,19,False,Medium
Zepto,2024-11-20,Juice,Beverages,Mumbai,139,2,12,Card,4.0,278,Fast,November,Wednesday,20,False,High
Blinkit,2024-11-21,Coke,Beverages,Delhi,250,1,12,Card,3.0,250,Fast,November,Thursday,21,False,Medium
Blinkit,2024-11-22,Snacks,Snacks,Delhi,137,4,18,Upi,1.0,548,Medium,November,Friday,22,False,Low
Zepto,2024-11-23,Milk,Dairy,Bangalore,83,2,11,Cod,3.0,166,Fast,November,Saturday,23,True,Medium
Zepto,2024-11-24,Eggs,Poultry,Chennai,138,1,13,Upi,4.0,138,Fast,November,Sunday,24,True,High
Blinkit,2024-11-25,Juice,Beverages,Hyderabad,56,4,17,Upi,4.0,224,Medium,November,Monday,25,False,High
Zepto,2024-11-26,Coke,Beverages,Bangalore,67,5,20,Cod,1.0,335,Medium,November,Tuesday,26,False,Low
Blinkit,2024-11-27,Biscuits,Bakery,Hyderabad,228,2,23,Card,3.0,456,Slow,November,Wednesday,27,False,Medium
Blinkit,2024-11-28,Atta,Grains,Bangalore,45,5,12,Card,2.0,225,Fast,November,Thursday,28,False,Low
Blinkit,2024-11-29,Rice,Grains,Hyderabad,203,4,14,Cod,2.0,812,Fast,November,Friday,29,False,Low
Zepto,2024-11-30,Rice,Grains,Chennai,69,1,13,Upi,2.0,69,Fast,November,Saturday,30,True,Low
Zepto,2024-12-01,Rice,Grains,Chennai,97,2,10,Upi,3.0,194,Fast,December,Sunday,1,True,Medium
Zepto,2024-12-02,Eggs,Poultry,Chennai,62,2,9,Cod,1.0,124,Fast,December,Monday,2,False,Low
Blinkit,2024-12-03,Atta,Grains,Hyderabad,199,1,19,Upi,3.0,199,Medium,December,Tuesday,3,False,Medium
Zepto,2024-12-04,Paneer,Dairy,Bangalore,81,5,7,Card,1.0,405,Fast,December,Wednesday,4,False,Low
Zepto,2024-12-05,Coke,Beverages,Hyderabad,196,5,13,Upi,1.0,980,Fast,December,Thursday,5,False,Low
Blinkit,2024-12-06,Paneer,Dairy,Hyderabad,179,4,11,Card,1.0,716,Fast,December,Friday,6,False,Low
Blinkit,2024-12-07,Paneer,Dairy,Mumbai,93,3,21,Upi,5.0,279,Slow,December,Saturday,7,True,High
Blinkit,2024-12-08,Paneer,Dairy,Bangalore,37,5,25,Cod,5.0,185,Slow,December,Sunday,8,True,High
Blinkit,2024-12-09,Butter,Dairy,Delhi,43,2,13,Cod,1.0,86,Fast,December,Monday,9,False,Low
Zepto,2024-12-10,Snacks,Snacks,Mumbai,219,3,15,Card,2.0,657,Medium,December,Tuesday,10,False,Low
Blinkit,2024-12-11,Biscuits,Bakery,Mumbai,217,2,12,Cod,1.0,434,Fast,December,Wednesday,11,False,Low
Blinkit,2024-12-12,Juice,Beverages,Delhi,63,5,17,Cod,5.0,315,Medium,December,Thursday,12,False,High
Zepto,2024-12-13,Butter,Dairy,Chennai,46,2,11,Card,5.0,92,Fast,December,Friday,13,False,High
Blinkit,2024-12-14,Butter,Dairy,Delhi,62,4,14,Card,3.0,248,Fast,December,Saturday,14,True,Medium
Blinkit,2024-12-15,Eggs,Poultry,Hyderabad,123,1,10,Cod,5.0,123,Fast,December,Sunday,15,True,High
Zepto,2024-12-16,Juice,Beverages,Mumbai,54,1,13,Card,4.0,54,Fast,December,Monday,16,False,High
Blinkit,2024-12-17,Bread,Bakery,Bangalore,85,2,12,Cod,5.0,170,Fast,December,Tuesday,17,False,High
Zepto,2024-12-18,Eggs,Poultry,Bangalore,125,4,16,Upi,2.0,500,Medium,December,Wednesday,18,False,Low
Blinkit,2024-12-19,Paneer,Dairy,Hyderabad,229,2,12,Upi,3.0,458,Fast,December,Thursday,19,False,Medium
Blinkit,2024-12-20,Milk,Dairy,Chennai,70,2,14,Card,5.0,140,Fast,December,Friday,20,False,High
Blinkit,2024-12-21,Milk,Dairy,Chennai,141,4,10,Card,5.0,564,Fast,December,Saturday,21,True,High
Blinkit,2024-12-22,Biscuits,Bakery,Delhi,135,4,23,Cod,3.0,540,Slow,December,Sunday,22,True,Medium
Blinkit,2024-12-23,Rice,Grains,Hyderabad,149,3,14,Upi,3.0,447,Fast,December,Monday,23,False,Medium
Zepto,2024-12-24,Milk,Dairy,Bangalore,58,3,20,Cod,4.0,174,Medium,December,Tuesday,24,False,High
Blinkit,2024-12-25,Atta,Grains,Chennai,227,1,19,Card,3.0,227,Medium,December,Wednesday,25,False,Medium
Blinkit,2024-12-26,Biscuits,Bakery,Chennai,141,3,12,Cod,4.0,423,Fast,December,Thursday,26,False,High
Zepto,2024-12-27,Biscuits,Bakery,Hyderabad,81,1,19,Upi,5.0,81,Medium,December,Friday,27,False,High
Blinkit,2024-12-28,Milk,Dairy,Hyderabad,134,1,24,Card,3.0,134,Slow,December,Saturday,28,True,Medium
Blinkit,2024-12-29,Milk,Dairy,Mumbai,69,1,24,Cod,5.0,69,Slow,December,Sunday,29,True,High
Blinkit,2024-12-30,Eggs,Poultry,Delhi,183,1,21,Card,4.0,183,Slow,December,Monday,30,False,High
Blinkit,2024-12-31,Atta,Grains,Mumbai,84,4,25,Upi,3.0,336,Slow,December,Tuesday,31,False,Medium
Blinkit,2025-01-01,Butter,Dairy,Bangalore,249,3,14,Card,3.0,747,Fast,January,Wednesday,1,False,Medium
Zepto,2025-01-02,Snacks,Snacks,Chennai,229,5,17,Card,2.0,1145,Medium,January,Thursday,2,False,Low
Blinkit,2025-01-03,Juice,Beverages,Bangalore,44,4,12,Card,4.0,176,Fast,January,Friday,3,False,High
Blinkit,2025-01-04,Biscuits,Bakery,Delhi,198,3,10,Card,3.0,594,Fast,January,Saturday,4,True,Medium
Zepto,2025-01-05,Coke,Beverages,Hyderabad,112,2,18,Card,2.0,224,Medium,January,Sunday,5,True,Low
Zepto,2025-01-06,Milk,Dairy,Hyderabad,39,2,12,Cod,5.0,78,Fast,January,Monday,6,False,High
Blinkit,2025-01-07,Rice,Grains,Mumbai,187,1,12,Upi,2.0,187,Fast,January,Tuesday,7,False,Low
Zepto,2025-01-08,Snacks,Snacks,Mumbai,182,4,17,Cod,3.0,728,Medium,January,Wednesday,8,False,Medium
Zepto,2025-01-09,Eggs,Poultry,Bangalore,31,2,18,Cod,5.0,62,Medium,January,Thursday,9,False,High
Zepto,2025-01-10,Milk,Dairy,Chennai,236,3,19,Upi,3.0,708,Medium,January,Friday,10,False,Medium
Zepto,2025-01-11,Rice,Grains,Delhi,129,5,8,Card,3.0,645,Fast,January,Saturday,11,True,Medium
Zepto,2025-01-12,Snacks,Snacks,Bangalore,186,5,7,Upi,3.0,930,Fast,January,Sunday,12,True,Medium
Blinkit,2025-01-13,Juice,Beverages,Bangalore,226,5,13,Card,3.0,1130,Fast,January,Monday,13,False,Medium
Zepto,2025-01-14,Juice,Beverages,Mumbai,46,3,19,Cod,4.0,138,Medium,January,Tuesday,14,False,High
Blinkit,2025-01-15,Juice,Beverages,Hyderabad,224,4,23,Cod,3.0,896,Slow,January,Wednesday,15,False,Medium
Blinkit,2025-01-16,Milk,Dairy,Chennai,200,3,13,Upi,2.0,600,Fast,January,Thursday,16,False,Low
Zepto,2025-01-17,Snacks,Snacks,Chennai,155,5,17,Upi,2.0,775,Medium,January,Friday,17,False,Low
Blinkit,2025-01-18,Biscuits,Bakery,Hyderabad,194,3,18,Cod,3.0,582,Medium,January,Saturday,18,True,Medium
Zepto,2025-01-19,Snacks,Snacks,Delhi,204,1,8,Cod,5.0,204,Fast,January,Sunday,19,True,High
Blinkit,2025-01-20,Bread,Bakery,Chennai,150,2,15,Upi,3.0,300,Medium,January,Monday,20,False,Medium
Zepto,2025-01-21,Snacks,Snacks,Bangalore,97,1,18,Cod,1.0,97,Medium,January,Tuesday,21,False,Low
Blinkit,2025-01-22,Bread,Bakery,Mumbai,215,1,19,Card,1.0,215,Medium,January,Wednesday,22,False,Low
Blinkit,2025-01-23,Rice,Grains,Chennai,174,1,14,Upi,1.0,174,Fast,January,Thursday,23,False,Low
Blinkit,2025-01-24,Coke,Beverages,Delhi,143,5,16,Card,2.0,715,Medium,January,Friday,24,False,Low
Zepto,2025-01-25,Eggs,Poultry,Chennai,124,4,20,Cod,1.0,496,Medium,January,Saturday,25,True,Low
Blinkit,2025-01-26,Rice,Grains,Chennai,96,5,15,Upi,3.0,480,Medium,January,Sunday,26,True,Medium
Blinkit,2025-01-27,Paneer,Dairy,Delhi,207,3,17,Cod,3.0,621,Medium,January,Monday,27,False,Medium
Blinkit,2025-01-28,Biscuits,Bakery,Mumbai,241,1,18,Upi,1.0,241,Medium,January,Tuesday,28,False,Low
Blinkit,2025-01-29,Butter,Dairy,Hyderabad,213,1,23,Card,1.0,213,Slow,January,Wednesday,29,False,Low
Blinkit,2025-01-30,Biscuits,Bakery,Chennai,218,3,11,Cod,5.0,654,Fast,January,Thursday,30,False,High
Blinkit,2025-01-31,Juice,Beverages,Delhi,69,5,20,Card,1.0,345,Medium,January,Friday,31,False,Low
Zepto,2025-02-01,Atta,Grains,Hyderabad,206,1,12,Upi,3.0,206,Fast,February,Saturday,1,True,Medium
Blinkit,2025-02-02,Paneer,Dairy,Bangalore,45,1,18,Upi,1.0,45,Medium,February,Sunday,2,True,Low
Zepto,2025-02-03,Milk,Dairy,Chennai,61,2,19,Cod,1.0,122,Medium,February,Monday,3,False,Low
Blinkit,2025-02-04,Snacks,Snacks,Hyderabad,161,3,22,Upi,3.0,483,Slow,February,Tuesday,4,False,Medium
Blinkit,2025-02-05,Eggs,Poultry,Chennai,93,2,18,Cod,2.0,186,Medium,February,Wednesday,5,False,Low
Blinkit,2025-02-06,Milk,Dairy,Hyderabad,100,4,25,Cod,4.0,400,Slow,February,Thursday,6,False,High
Blinkit,2025-02-07,Eggs,Poultry,Hyderabad,154,1,16,Upi,3.0,154,Medium,February,Friday,7,False,Medium
Zepto,2025-02-08,Coke,Beverages,Delhi,91,5,12,Cod,2.0,455,Fast,February,Saturday,8,True,Low
Zepto,2025-02-09,Milk,Dairy,Chennai,44,2,12,Upi,1.0,88,Fast,February,Sunday,9,True,Low
Zepto,2025-02-10,Coke,Beverages,Hyderabad,40,3,11,Cod,3.0,120,Fast,February,Monday,10,False,Medium
Blinkit,2025-02-11,Butter,Dairy,Mumbai,117,5,22,Card,1.0,585,Slow,February,Tuesday,11,False,Low
Zepto,2025-02-12,Milk,Dairy,Bangalore,151,4,14,Cod,5.0,604,Fast,February,Wednesday,12,False,High
Blinkit,2025-02-13,Eggs,Poultry,Mumbai,158,3,16,Upi,3.0,474,Medium,February,Thursday,13,False,Medium
Blinkit,2025-02-14,Rice,Grains,Chennai,208,3,18,Cod,3.0,624,Medium,February,Friday,14,False,Medium
Zepto,2025-02-15,Milk,Dairy,Bangalore,56,1,15,Card,3.0,56,Medium,February,Saturday,15,True,Medium
Blinkit,2025-02-16,Milk,Dairy,Hyderabad,86,3,13,Upi,2.0,258,Fast,February,Sunday,16,True,Low
Blinkit,2025-02-17,Paneer,Dairy,Chennai,45,3,25,Cod,3.0,135,Slow,February,Monday,17,False,Medium
Blinkit,2025-02-18,Atta,Grains,Mumbai,156,4,10,Card,2.0,624,Fast,February,Tuesday,18,False,Low
Blinkit,2025-02-19,Butter,Dairy,Bangalore,224,5,12,Card,1.0,1120,Fast,February,Wednesday,19,False,Low
Blinkit,2025-02-20,Butter,Dairy,Delhi,237,4,13,Card,2.0,948,Fast,February,Thursday,20,False,Low
Zepto,2025-02-21,Juice,Beverages,Hyderabad,40,1,13,Cod,3.0,40,Fast,February,Friday,21,False,Medium
Zepto,2025-02-22,Coke,Beverages,Hyderabad,224,1,10,Card,4.0,224,Fast,February,Saturday,22,True,High
Zepto,2025-02-23,Rice,Grains,Mumbai,163,1,18,Upi,1.0,163,Medium,February,Sunday,23,True,Low
Blinkit,2025-02-24,Snacks,Snacks,Bangalore,144,4,10,Upi,1.0,576,Fast,February,Monday,24,False,Low
Blinkit,2025-02-25,Atta,Grains,Hyderabad,51,4,24,Upi,3.0,204,Slow,February,Tuesday,25,False,Medium
Blinkit,2025-02-26,Butter,Dairy,Bangalore,65,5,19,Upi,5.0,325,Medium,February,Wednesday,26,False,High
Zepto,2025-02-27,Juice,Beverages,Bangalore,59,1,17,Cod,3.0,59,Medium,February,Thursday,27,False,Medium
Blinkit,2025-02-28,Milk,Dairy,Chennai,66,2,10,Upi,2.0,132,Fast,February,Friday,28,False,Low
Zepto,2025-03-01,Butter,Dairy,Delhi,150,2,10,Card,3.0,300,Fast,March,Saturday,1,True,Medium
Blinkit,2025-03-02,Coke,Beverages,Bangalore,234,2,13,Cod,3.0,468,Fast,March,Sunday,2,True,Medium
Blinkit,2025-03-03,Biscuits,Bakery,Bangalore,94,5,11,Cod,5.0,470,Fast,March,Monday,3,False,High
Blinkit,2025-03-04,Atta,Grains,Mumbai,142,5,24,Upi,4.0,710,Slow,March,Tuesday,4,False,High
Zepto,2025-03-05,Rice,Grains,Chennai,230,5,18,Upi,1.0,1150,Medium,March,Wednesday,5,False,Low
Zepto,2025-03-06,Butter,Dairy,Bangalore,206,3,20,Upi,2.0,618,Medium,March,Thursday,6,False,Low
Blinkit,2025-03-07,Rice,Grains,Chennai,204,4,15,Upi,5.0,816,Medium,March,Friday,7,False,High
Zepto,2025-03-08,Eggs,Poultry,Hyderabad,144,4,15,Card,1.0,576,Medium,March,Saturday,8,True,Low
Zepto,2025-03-09,Bread,Bakery,Hyderabad,219,3,10,Cod,1.0,657,Fast,March,Sunday,9,True,Low
Blinkit,2025-03-10,Paneer,Dairy,Mumbai,202,1,17,Card,3.0,202,Medium,March,Monday,10,False,Medium
Zepto,2025-03-11,Coke,Beverages,Chennai,187,3,8,Upi,1.0,561,Fast,March,Tuesday,11,False,Low
Zepto,2025-03-12,Bread,Bakery,Hyderabad,95,2,9,Cod,1.0,190,Fast,March,Wednesday,12,False,Low
Blinkit,2025-03-13,Milk,Dairy,Delhi,94,5,20,Card,1.0,470,Medium,March,Thursday,13,False,Low
Blinkit,2025-03-14,Bread,Bakery,Bangalore,60,1,21,Cod,3.0,60,Slow,March,Friday,14,False,Medium
Zepto,2025-03-15,Milk,Dairy,Delhi,242,3,18,Cod,3.0,726,Medium,March,Saturday,15,True,Medium
Blinkit,2025-03-16,Snacks,Snacks,Mumbai,166,1,13,Cod,1.0,166,Fast,March,Sunday,16,True,Low
Blinkit,2025-03-17,Bread,Bakery,Hyderabad,30,4,14,Card,3.0,120,Fast,March,Monday,17,False,Medium
Zepto,2025-03-18,Butter,Dairy,Mumbai,217,2,12,Upi,4.0,434,Fast,March,Tuesday,18,False,High
Blinkit,2025-03-19,Bread,Bakery,Chennai,148,3,10,Cod,3.0,444,Fast,March,Wednesday,19,False,Medium
Blinkit,2025-03-20,Eggs,Poultry,Chennai,69,2,11,Cod,5.0,138,Fast,March,Thursday,20,False,High
Blinkit,2025-03-21,Snacks,Snacks,Delhi,50,1,24,Card,1.0,50,Slow,March,Friday,21,False,Low
Blinkit,2025-03-22,Snacks,Snacks,Chennai,125,4,15,Upi,1.0,500,Medium,March,Saturday,22,True,Low
Blinkit,2025-03-23,Rice,Grains,Chennai,31,5,25,Upi,3.0,155,Slow,March,Sunday,23,True,Medium
Zepto,2025-03-24,Coke,Beverages,Delhi,205,3,9,Upi,2.0,615,Fast,March,Monday,24,False,Low
Blinkit,2025-03-25,Coke,Beverages,Delhi,66,5,11,Cod,3.0,330,Fast,March,Tuesday,25,False,Medium
Zepto,2025-03-26,Coke,Beverages,Hyderabad,107,3,13,Cod,3.0,321,Fast,March,Wednesday,26,False,Medium
Blinkit,2025-03-27,Coke,Beverages,Delhi,237,4,16,Upi,4.0,948,Medium,March,Thursday,27,False,High
Zepto,2025-03-28,Rice,Grains,Delhi,139,3,18,Card,5.0,417,Medium,March,Friday,28,False,High
Blinkit,2025-03-29,Milk,Dairy,Hyderabad,62,3,13,Cod,5.0,186,Fast,March,Saturday,29,True,High
Blinkit,2025-03-30,Coke,Beverages,Mumbai,171,5,15,Card,3.0,855,Medium,March,Sunday,30,True,Medium
Zepto,2025-03-31,Eggs,Poultry,Hyderabad,138,2,9,Card,4.0,276,Fast,March,Monday,31,False,High
Blinkit,2025-02-19,Eggs,Poultry,Delhi,66,1,19,Card,1.0,66,Medium,February,Wednesday,19,False,Low
Blinkit,2025-02-20,Bread,Bakery,Mumbai,62,4,20,Card,2.0,248,Medium,February,Thursday,20,False,Low
Zepto,2025-02-21,Paneer,Dairy,Chennai,34,5,15,Cod,4.0,170,Medium,February,Friday,21,False,High
Blinkit,2025-02-22,Eggs,Poultry,Chennai,128,5,22,Card,1.0,640,Slow,February,Saturday,22,True,Low
Zepto,2025-02-23,Juice,Beverages,Bangalore,195,4,8,Card,5.0,780,Fast,February,Sunday,23,True,High
Zepto,2025-02-24,Rice,Grains,Chennai,86,1,12,Card,1.0,86,Fast,February,Monday,24,False,Low
Zepto,2025-02-25,Eggs,Poultry,Delhi,181,1,17,Upi,3.0,181,Medium,February,Tuesday,25,False,Medium
Zepto,2025-02-26,Rice,Grains,Delhi,84,4,10,Card,3.0,336,Fast,February,Wednesday,26,False,Medium
Blinkit,2025-02-27,Bread,Bakery,Chennai,55,4,10,Card,3.0,220,Fast,February,Thursday,27,False,Medium
Blinkit,2025-02-28,Bread,Bakery,Mumbai,173,3,18,Card,5.0,519,Medium,February,Friday,28,False,High
Blinkit,2025-03-01,Milk,Dairy,Mumbai,65,4,10,Card,4.0,260,Fast,March,Saturday,1,True,High
Zepto,2025-03-02,Snacks,Snacks,Delhi,88,3,13,Cod,5.0,264,Fast,March,Sunday,2,True,High
Zepto,2025-03-03,Bread,Bakery,Chennai,222,4,17,Cod,3.0,888,Medium,March,Monday,3,False,Medium
Blinkit,2025-03-04,Atta,Grains,Delhi,145,5,15,Upi,5.0,725,Medium,March,Tuesday,4,False,High
Zepto,2025-03-05,Paneer,Dairy,Delhi,51,1,7,Cod,5.0,51,Fast,March,Wednesday,5,False,High
Zepto,2025-03-06,Eggs,Poultry,Hyderabad,188,4,12,Cod,4.0,752,Fast,March,Thursday,6,False,High
Zepto,2025-01-29,Eggs,Poultry,Mumbai,69,2,18,Cod,4.0,138,Medium,January,Wednesday,29,False,High
Zepto,2025-01-30,Butter,Dairy,Chennai,150,5,13,Card,5.0,750,Fast,January,Thursday,30,False,High
Zepto,2025-01-31,Paneer,Dairy,Bangalore,160,3,7,Cod,2.0,480,Fast,January,Friday,31,False,Low
Blinkit,2025-02-01,Eggs,Poultry,Hyderabad,172,3,23,Card,1.0,516,Slow,February,Saturday,1,True,Low
Zepto,2025-02-02,Butter,Dairy,Chennai,45,5,19,Upi,3.0,225,Medium,February,Sunday,2,True,Medium
Zepto,2025-02-03,Juice,Beverages,Mumbai,167,3,15,Cod,1.0,501,Medium,February,Monday,3,False,Low
Blinkit,2025-02-04,Eggs,Poultry,Mumbai,184,4,15,Cod,3.0,736,Medium,February,Tuesday,4,False,Medium
Zepto,2025-02-05,Bread,Bakery,Chennai,120,3,20,Card,5.0,360,Medium,February,Wednesday,5,False,High
Blinkit,2025-02-06,Coke,Beverages,Bangalore,89,1,17,Cod,4.0,89,Medium,February,Thursday,6,False,High
Zepto,2025-02-07,Eggs,Poultry,Mumbai,116,3,12,Card,1.0,348,Fast,February,Friday,7,False,Low
Blinkit,2025-02-08,Coke,Beverages,Hyderabad,186,2,19,Cod,3.0,372,Medium,February,Saturday,8,True,Medium
Zepto,2025-02-09,Snacks,Snacks,Bangalore,205,3,18,Card,1.0,615,Medium,February,Sunday,9,True,Low
Blinkit,2025-02-10,Juice,Beverages,Hyderabad,104,4,18,Cod,3.0,416,Medium,February,Monday,10,False,Medium
Blinkit,2025-02-11,Milk,Dairy,Hyderabad,119,5,18,Upi,5.0,595,Medium,February,Tuesday,11,False,High
Zepto,2025-02-12,Bread,Bakery,Mumbai,202,4,14,Upi,3.0,808,Fast,February,Wednesday,12,False,Medium
Blinkit,2025-02-13,Juice,Beverages,Delhi,109,3,12,Card,5.0,327,Fast,February,Thursday,13,False,High
Blinkit,2024-12-10,Rice,Grains,Hyderabad,212,4,20,Card,1.0,848,Medium,December,Tuesday,10,False,Low
Blinkit,2024-12-11,Atta,Grains,Chennai,61,2,21,Card,4.0,122,Slow,December,Wednesday,11,False,High
Blinkit,2024-12-12,Coke,Beverages,Mumbai,101,2,20,Cod,3.0,202,Medium,December,Thursday,12,False,Medium
Zepto,2024-12-13,Milk,Dairy,Mumbai,185,3,17,Card,3.0,555,Medium,December,Friday,13,False,Medium
Blinkit,2024-12-14,Milk,Dairy,Delhi,91,2,21,Cod,4.0,182,Slow,December,Saturday,14,True,High
Blinkit,2024-12-15,Eggs,Poultry,Hyderabad,58,5,16,Upi,2.0,290,Medium,December,Sunday,15,True,Low
Blinkit,2024-12-16,Butter,Dairy,Bangalore,127,1,23,Card,1.0,127,Slow,December,Monday,16,False,Low
Blinkit,2024-12-17,Atta,Grains,Chennai,116,1,16,Cod,3.0,116,Medium,December,Tuesday,17,False,Medium
Zepto,2024-12-18,Atta,Grains,Hyderabad,121,2,17,Upi,2.0,242,Medium,December,Wednesday,18,False,Low
Blinkit,2024-12-19,Eggs,Poultry,Bangalore,92,1,21,Cod,4.0,92,Slow,December,Thursday,19,False,High
Blinkit,2024-12-20,Rice,Grains,Chennai,147,2,12,Cod,3.0,294,Fast,December,Friday,20,False,Medium
Zepto,2024-12-21,Atta,Grains,Chennai,201,5,7,Upi,4.0,1005,Fast,December,Saturday,21,True,High
Blinkit,2024-12-22,Bread,Bakery,Delhi,197,2,23,Card,5.0,394,Slow,December,Sunday,22,True,High
Blinkit,2024-12-23,Eggs,Poultry,Mumbai,63,3,24,Upi,3.0,189,Slow,December,Monday,23,False,Medium
Zepto,2024-12-24,Eggs,Poultry,Hyderabad,242,2,10,Upi,2.0,484,Fast,December,Tuesday,24,False,Low
Blinkit,2024-12-25,Snacks,Snacks,Delhi,198,3,16,Cod,3.0,594,Medium,December,Wednesday,25,False,Medium
Blinkit,2024-12-26,Atta,Grains,Mumbai,156,4,18,Upi,4.0,624,Medium,December,Thursday,26,False,High
Blinkit,2024-12-27,Snacks,Snacks,Hyderabad,207,5,15,Card,2.0,1035,Medium,December,Friday,27,False,Low
Zepto,2024-12-28,Biscuits,Bakery,Hyderabad,105,3,17,Cod,1.0,315,Medium,December,Saturday,28,True,Low
Zepto,2024-12-29,Bread,Bakery,Bangalore,49,1,19,Cod,3.0,49,Medium,December,Sunday,29,True,Medium
Blinkit,2024-12-30,Juice,Beverages,Chennai,232,5,15,Upi,3.0,1160,Medium,December,Monday,30,False,Medium
Blinkit,2024-08-11,Eggs,Poultry,Bangalore,37,4,16,Card,4.0,148,Medium,August,Sunday,11,True,High
Blinkit,2024-08-12,Coke,Beverages,Chennai,250,4,21,Card,3.0,1000,Slow,August,Monday,12,False,Medium
Zepto,2024-08-13,Atta,Grains,Hyderabad,192,5,12,Upi,3.0,960,Fast,August,Tuesday,13,False,Medium
Blinkit,2024-08-14,Snacks,Snacks,Bangalore,45,2,18,Card,3.0,90,Medium,August,Wednesday,14,False,Medium
Zepto,2024-08-15,Paneer,Dairy,Bangalore,172,4,8,Card,5.0,688,Fast,August,Thursday,15,False,High
Blinkit,2024-08-16,Snacks,Snacks,Mumbai,106,1,22,Card,3.0,106,Slow,August,Friday,16,False,Medium
Blinkit,2024-08-17,Butter,Dairy,Chennai,109,1,19,Card,3.0,109,Medium,August,Saturday,17,True,Medium
Zepto,2024-08-18,Milk,Dairy,Chennai,122,2,18,Card,1.0,244,Medium,August,Sunday,18,True,Low
Zepto,2024-08-19,Butter,Dairy,Chennai,169,2,19,Card,3.0,338,Medium,August,Monday,19,False,Medium
Zepto,2024-08-20,Atta,Grains,Hyderabad,219,2,7,Cod,3.0,438,Fast,August,Tuesday,20,False,Medium
Zepto,2024-08-21,Juice,Beverages,Bangalore,147,5,16,Cod,5.0,735,Medium,August,Wednesday,21,False,High
Blinkit,2024-08-22,Coke,Beverages,Delhi,248,4,23,Card,5.0,992,Slow,August,Thursday,22,False,High
Zepto,2024-08-23,Coke,Beverages,Mumbai,98,1,16,Upi,3.0,98,Medium,August,Friday,23,False,Medium
Blinkit,2024-08-24,Paneer,Dairy,Hyderabad,84,3,18,Card,5.0,252,Medium,August,Saturday,24,True,High
Zepto,2024-08-25,Atta,Grains,Delhi,65,4,19,Card,1.0,260,Medium,August,Sunday,25,True,Low
Blinkit,2024-08-26,Bread,Bakery,Chennai,148,3,18,Cod,3.0,444,Medium,August,Monday,26,False,Medium
Blinkit,2024-08-27,Snacks,Snacks,Hyderabad,76,3,17,Upi,3.0,228,Medium,August,Tuesday,27,False,Medium
Zepto,2024-08-28,Snacks,Snacks,Hyderabad,245,2,10,Card,2.0,490,Fast,August,Wednesday,28,False,Low
Zepto,2024-08-29,Eggs,Poultry,Chennai,160,5,7,Cod,1.0,800,Fast,August,Thursday,29,False,Low
Blinkit,2024-08-30,Atta,Grains,Bangalore,55,1,14,Cod,1.0,55,Fast,August,Friday,30,False,Low
Blinkit,2024-08-31,Biscuits,Bakery,Chennai,101,3,22,Upi,5.0,303,Slow,August,Saturday,31,True,High
Zepto,2024-09-01,Paneer,Dairy,Chennai,98,3,15,Cod,4.0,294,Medium,September,Sunday,1,True,High
Blinkit,2024-09-02,Juice,Beverages,Mumbai,157,3,11,Upi,3.0,471,Fast,September,Monday,2,False,Medium
Blinkit,2024-09-03,Butter,Dairy,Bangalore,60,3,23,Card,5.0,180,Slow,September,Tuesday,3,False,High
Blinkit,2024-09-04,Milk,Dairy,Bangalore,233,2,10,Upi,5.0,466,Fast,September,Wednesday,4,False,High
Zepto,2024-09-05,Snacks,Snacks,Mumbai,154,4,14,Upi,4.0,616,Fast,September,Thursday,5,False,High
Blinkit,2024-09-06,Snacks,Snacks,Delhi,152,3,23,Cod,3.0,456,Slow,September,Friday,6,False,Medium
Blinkit,2024-09-07,Atta,Grains,Delhi,77,4,13,Cod,3.0,308,Fast,September,Saturday,7,True,Medium
Blinkit,2024-09-08,Biscuits,Bakery,Bangalore,58,5,24,Card,5.0,290,Slow,September,Sunday,8,True,High
Zepto,2024-09-09,Biscuits,Bakery,Mumbai,70,4,20,Upi,5.0,280,Medium,September,Monday,9,False,High
Blinkit,2024-09-10,Snacks,Snacks,Chennai,157,3,25,Card,5.0,471,Slow,September,Tuesday,10,False,High
Zepto,2024-09-11,Milk,Dairy,Mumbai,42,2,18,Cod,3.0,84,Medium,September,Wednesday,11,False,Medium
Zepto,2024-09-12,Eggs,Poultry,Bangalore,58,2,10,Upi,3.0,116,Fast,September,Thursday,12,False,Medium
Zepto,2024-09-13,Juice,Beverages,Delhi,66,4,18,Cod,2.0,264,Medium,September,Friday,13,False,Low
Blinkit,2024-05-31,Juice,Beverages,Mumbai,47,3,18,Upi,4.0,141,Medium,May,Friday,31,False,High
Blinkit,2024-06-01,Juice,Beverages,Delhi,137,5,15,Cod,3.0,685,Medium,June,Saturday,1,True,Medium
Zepto,2024-06-02,Coke,Beverages,Delhi,110,5,12,Card,5.0,550,Fast,June,Sunday,2,True,High
Blinkit,2024-06-03,Snacks,Snacks,Chennai,123,4,22,Cod,4.0,492,Slow,June,Monday,3,False,High
Blinkit,2024-06-04,Coke,Beverages,Bangalore,205,4,15,Card,2.0,820,Medium,June,Tuesday,4,False,Low
Blinkit,2024-06-05,Biscuits,Bakery,Hyderabad,125,1,19,Card,3.0,125,Medium,June,Wednesday,5,False,Medium
Blinkit,2024-06-06,Butter,Dairy,Hyderabad,235,3,23,Upi,3.0,705,Slow,June,Thursday,6,False,Medium
Blinkit,2024-06-07,Bread,Bakery,Bangalore,84,2,16,Upi,5.0,168,Medium,June,Friday,7,False,High
Blinkit,2024-06-08,Coke,Beverages,Bangalore,248,5,11,Card,2.0,1240,Fast,June,Saturday,8,True,Low
Zepto,2024-06-09,Juice,Beverages,Delhi,156,1,7,Card,3.0,156,Fast,June,Sunday,9,True,Medium
Blinkit,2024-06-10,Eggs,Poultry,Hyderabad,141,4,15,Cod,2.0,564,Medium,June,Monday,10,False,Low
Zepto,2024-06-11,Biscuits,Bakery,Chennai,39,5,20,Upi,5.0,195,Medium,June,Tuesday,11,False,High
Blinkit,2024-06-12,Rice,Grains,Bangalore,69,5,11,Upi,3.0,345,Fast,June,Wednesday,12,False,Medium
Blinkit,2024-06-13,Eggs,Poultry,Mumbai,38,5,21,Cod,4.0,190,Slow,June,Thursday,13,False,High
Blinkit,2024-06-14,Atta,Grains,Mumbai,66,3,20,Upi,3.0,198,Medium,June,Friday,14,False,Medium
Zepto,2024-06-15,Milk,Dairy,Chennai,67,4,19,Card,2.0,268,Medium,June,Saturday,15,True,Low
Blinkit,2024-06-16,Snacks,Snacks,Bangalore,52,1,19,Card,2.0,52,Medium,June,Sunday,16,True,Low
Blinkit,2024-06-17,Snacks,Snacks,Hyderabad,137,4,22,Card,4.0,548,Slow,June,Monday,17,False,High
Zepto,2024-06-18,Atta,Grains,Mumbai,43,1,11,Card,3.0,43,Fast,June,Tuesday,18,False,Medium
Blinkit,2024-06-19,Eggs,Poultry,Hyderabad,79,3,10,Upi,1.0,237,Fast,June,Wednesday,19,False,Low
Blinkit,2024-06-20,Butter,Dairy,Mumbai,166,3,14,Card,4.0,498,Fast,June,Thursday,20,False,High
Zepto,2024-06-21,Biscuits,Bakery,Delhi,234,3,8,Card,5.0,702,Fast,June,Friday,21,False,High
Zepto,2024-06-22,Bread,Bakery,Mumbai,108,5,9,Upi,3.0,540,Fast,June,Saturday,22,True,Medium
Zepto,2024-06-23,Juice,Beverages,Bangalore,227,2,18,Card,3.0,454,Medium,June,Sunday,23,True,Medium
Blinkit,2024-06-24,Snacks,Snacks,Hyderabad,119,4,20,Cod,3.0,476,Medium,June,Monday,24,False,Medium
Blinkit,2024-06-25,Snacks,Snacks,Delhi,58,4,13,Cod,1.0,232,Fast,June,Tuesday,25,False,Low
Zepto,2024-06-26,Milk,Dairy,Bangalore,43,4,13,Upi,1.0,172,Fast,June,Wednesday,26,False,Low
Zepto,2024-06-27,Juice,Beverages,Bangalore,144,2,12,Upi,1.0,288,Fast,June,Thursday,27,False,Low
Zepto,2024-06-28,Atta,Grains,Chennai,193,3,19,Card,5.0,579,Medium,June,Friday,28,False,High
Blinkit,2024-06-29,Milk,Dairy,Chennai,71,4,11,Cod,5.0,284,Fast,June,Saturday,29,True,High
Zepto,2024-06-30,Bread,Bakery,Chennai,192,4,7,Cod,1.0,768,Fast,June,Sunday,30,True,Low
Zepto,2024-07-01,Eggs,Poultry,Bangalore,56,3,7,Card,3.0,168,Fast,July,Monday,1,False,Medium
Zepto,2024-07-02,Paneer,Dairy,Hyderabad,243,5,17,Cod,4.0,1215,Medium,July,Tuesday,2,False,High
Zepto,2024-07-03,Paneer,Dairy,Bangalore,232,3,7,Cod,2.0,696,Fast,July,Wednesday,3,False,Low
Blinkit,2024-07-04,Rice,Grains,Bangalore,61,3,18,Cod,1.0,183,Medium,July,Thursday,4,False,Low
Blinkit,2024-07-05,Rice,Grains,Mumbai,205,4,22,Card,1.0,820,Slow,July,Friday,5,False,Low
Blinkit,2024-07-06,Milk,Dairy,Bangalore,159,1,13,Card,5.0,159,Fast,July,Saturday,6,True,High
Blinkit,2024-07-07,Butter,Dairy,Bangalore,46,5,22,Upi,4.0,230,Slow,July,Sunday,7,True,High
Zepto,2024-04-01,Paneer,Dairy,Hyderabad,249,5,9,Card,4.0,1245,Fast,April,Monday,1,False,High
Zepto,2024-04-02,Paneer,Dairy,Delhi,153,2,11,Upi,3.0,306,Fast,April,Tuesday,2,False,Medium
Zepto,2024-04-03,Paneer,Dairy,Chennai,194,2,18,Upi,3.0,388,Medium,April,Wednesday,3,False,Medium
Blinkit,2024-04-04,Rice,Grains,Bangalore,120,4,16,Upi,5.0,480,Medium,April,Thursday,4,False,High
Zepto,2024-04-05,Milk,Dairy,Delhi,149,5,18,Upi,3.0,745,Medium,April,Friday,5,False,Medium
Zepto,2024-04-06,Rice,Grains,Chennai,55,5,11,Upi,4.0,275,Fast,April,Saturday,6,True,High
Blinkit,2024-04-07,Snacks,Snacks,Mumbai,117,3,18,Card,5.0,351,Medium,April,Sunday,7,True,High
Blinkit,2024-04-08,Eggs,Poultry,Hyderabad,165,3,22,Card,1.0,495,Slow,April,Monday,8,False,Low
Blinkit,2024-04-09,Paneer,Dairy,Hyderabad,69,4,13,Upi,2.0,276,Fast,April,Tuesday,9,False,Low
Blinkit,2024-04-10,Atta,Grains,Hyderabad,140,3,15,Card,5.0,420,Medium,April,Wednesday,10,False,High
Blinkit,2024-04-11,Snacks,Snacks,Delhi,248,5,21,Cod,1.0,1240,Slow,April,Thursday,11,False,Low
Zepto,2024-04-12,Coke,Beverages,Hyderabad,74,2,16,Upi,5.0,148,Medium,April,Friday,12,False,High
Blinkit,2024-04-13,Eggs,Poultry,Bangalore,156,3,13,Card,3.0,468,Fast,April,Saturday,13,True,Medium
Zepto,2024-04-14,Butter,Dairy,Hyderabad,38,5,7,Card,3.0,190,Fast,April,Sunday,14,True,Medium
Zepto,2024-04-15,Atta,Grains,Hyderabad,219,2,19,Cod,4.0,438,Medium,April,Monday,15,False,High
Blinkit,2024-04-16,Butter,Dairy,Delhi,147,3,12,Upi,2.0,441,Fast,April,Tuesday,16,False,Low
Blinkit,2024-04-17,Eggs,Poultry,Chennai,182,5,25,Cod,5.0,910,Slow,April,Wednesday,17,False,High
Blinkit,2024-04-18,Coke,Beverages,Delhi,167,3,14,Cod,2.0,501,Fast,April,Thursday,18,False,Low
Zepto,2024-04-19,Snacks,Snacks,Chennai,150,4,17,Upi,3.0,600,Medium,April,Friday,19,False,Medium
Blinkit,2024-04-20,Bread,Bakery,Delhi,61,3,15,Card,5.0,183,Medium,April,Saturday,20,True,High
Zepto,2024-04-21,Atta,Grains,Mumbai,132,4,12,Cod,4.0,528,Fast,April,Sunday,21,True,High
Blinkit,2024-04-22,Paneer,Dairy,Hyderabad,161,3,16,Card,1.0,483,Medium,April,Monday,22,False,Low
Zepto,2024-04-23,Rice,Grains,Chennai,112,1,13,Card,1.0,112,Fast,April,Tuesday,23,False,Low
Zepto,2024-04-24,Bread,Bakery,Delhi,56,5,8,Cod,4.0,280,Fast,April,Wednesday,24,False,High
Blinkit,2024-04-25,Biscuits,Bakery,Chennai,209,2,13,Cod,3.0,418,Fast,April,Thursday,25,False,Medium
Zepto,2024-04-26,Atta,Grains,Mumbai,235,3,14,Card,1.0,705,Fast,April,Friday,26,False,Low
Zepto,2024-04-27,Bread,Bakery,Hyderabad,108,5,13,Card,1.0,540,Fast,April,Saturday,27,True,Low
Blinkit,2024-04-28,Bread,Bakery,Mumbai,98,3,19,Cod,1.0,294,Medium,April,Sunday,28,True,Low
Zepto,2024-04-29,Rice,Grains,Mumbai,53,3,11,Upi,1.0,159,Fast,April,Monday,29,False,Low
Zepto,2024-04-30,Paneer,Dairy,Bangalore,190,4,19,Cod,2.0,760,Medium,April,Tuesday,30,False,Low
Zepto,2024-05-01,Eggs,Poultry,Bangalore,177,1,7,Cod,2.0,177,Fast,May,Wednesday,1,False,Low
Blinkit,2024-05-02,Biscuits,Bakery,Mumbai,175,5,18,Upi,3.0,875,Medium,May,Thursday,2,False,Medium
Blinkit,2024-05-03,Bread,Bakery,Delhi,226,5,20,Cod,2.0,1130,Medium,May,Friday,3,False,Low
Zepto,2024-05-04,Biscuits,Bakery,Mumbai,67,1,12,Cod,4.0,67,Fast,May,Saturday,4,True,High
Zepto,2024-05-05,Milk,Dairy,Chennai,32,2,8,Card,3.0,64,Fast,May,Sunday,5,True,Medium
Blinkit,2024-05-06,Butter,Dairy,Hyderabad,33,3,20,Card,4.0,99,Medium,May,Monday,6,False,High
Zepto,2024-05-07,Bread,Bakery,Mumbai,37,2,7,Upi,3.0,74,Fast,May,Tuesday,7,False,Medium
Zepto,2024-05-08,Bread,Bakery,Chennai,53,4,8,Cod,4.0,212,Fast,May,Wednesday,8,False,High
Blinkit,2024-05-09,Juice,Beverages,Bangalore,201,5,23,Upi,3.0,1005,Slow,May,Thursday,9,False,Medium
Zepto,2024-05-10,Atta,Grains,Hyderabad,61,3,8,Card,5.0,183,Fast,May,Friday,10,False,High
Zepto,2024-05-11,Paneer,Dairy,Mumbai,125,3,12,Cod,3.0,375,Fast,May,Saturday,11,True,Medium
Zepto,2024-05-12,Atta,Grains,Mumbai,249,4,16,Cod,3.0,996,Medium,May,Sunday,12,True,Medium
Zepto,2024-05-13,Bread,Bakery,Hyderabad,189,2,8,Cod,3.0,378,Fast,May,Monday,13,False,Medium
Blinkit,2024-05-14,Butter,Dairy,Chennai,205,4,15,Cod,1.0,820,Medium,May,Tuesday,14,False,Low
Blinkit,2024-05-15,Bread,Bakery,Hyderabad,81,1,21,Card,3.0,81,Slow,May,Wednesday,15,False,Medium
Zepto,2024-05-16,Butter,Dairy,Bangalore,241,2,10,Cod,5.0,482,Fast,May,Thursday,16,False,High
Blinkit,2024-05-17,Milk,Dairy,Chennai,35,2,13,Cod,3.0,70,Fast,May,Friday,17,False,Medium
Zepto,2024-05-18,Butter,Dairy,Hyderabad,225,3,14,Cod,3.0,675,Fast,May,Saturday,18,True,Medium
Blinkit,2024-05-19,Milk,Dairy,Hyderabad,184,3,18,Cod,3.0,552,Medium,May,Sunday,19,True,Medium
Blinkit,2024-05-20,Milk,Dairy,Delhi,138,1,13,Upi,1.0,138,Fast,May,Monday,20,False,Low
Zepto,2024-05-21,Rice,Grains,Chennai,77,4,11,Upi,4.0,308,Fast,May,Tuesday,21,False,High
Blinkit,2024-05-22,Juice,Beverages,Chennai,178,4,18,Upi,2.0,712,Medium,May,Wednesday,22,False,Low
Zepto,2024-05-23,Bread,Bakery,Hyderabad,108,3,10,Card,3.0,324,Fast,May,Thursday,23,False,Medium
Blinkit,2024-05-24,Milk,Dairy,Chennai,79,2,18,Card,4.0,158,Medium,May,Friday,24,False,High
Blinkit,2024-05-25,Rice,Grains,Mumbai,122,1,25,Upi,2.0,122,Slow,May,Saturday,25,True,Low
Blinkit,2024-05-26,Atta,Grains,Chennai,201,3,15,Card,1.0,603,Medium,May,Sunday,26,True,Low
Zepto,2024-05-27,Rice,Grains,Chennai,48,5,16,Upi,5.0,240,Medium,May,Monday,27,False,High
Zepto,2024-05-28,Coke,Beverages,Hyderabad,65,3,18,Card,3.0,195,Medium,May,Tuesday,28,False,Medium
Blinkit,2024-05-29,Rice,Grains,Delhi,108,3,23,Upi,4.0,324,Slow,May,Wednesday,29,False,High
Blinkit,2024-05-30,Snacks,Snacks,Delhi,229,3,22,Card,3.0,687,Slow,May,Thursday,30,False,Medium
Zepto,2024-05-31,Biscuits,Bakery,Hyderabad,156,3,12,Card,4.0,468,Fast,May,Friday,31,False,High
Zepto,2024-06-01,Rice,Grains,Hyderabad,195,3,12,Upi,3.0,585,Fast,June,Saturday,1,True,Medium
Blinkit,2024-06-02,Milk,Dairy,Delhi,89,4,19,Card,3.0,356,Medium,June,Sunday,2,True,Medium
Blinkit,2024-06-03,Coke,Beverages,Bangalore,208,3,21,Card,3.0,624,Slow,June,Monday,3,False,Medium
Blinkit,2024-06-04,Coke,Beverages,Hyderabad,204,3,10,Upi,5.0,612,Fast,June,Tuesday,4,False,High
Zepto,2024-06-05,Eggs,Poultry,Hyderabad,248,4,19,Upi,3.0,992,Medium,June,Wednesday,5,False,Medium
Zepto,2024-06-06,Rice,Grains,Bangalore,222,4,15,Card,3.0,888,Medium,June,Thursday,6,False,Medium
Blinkit,2024-06-07,Biscuits,Bakery,Bangalore,76,1,14,Upi,1.0,76,Fast,June,Friday,7,False,Low
Blinkit,2024-06-08,Juice,Beverages,Delhi,160,5,14,Card,3.0,800,Fast,June,Saturday,8,True,Medium
Zepto,2024-06-09,Bread,Bakery,Hyderabad,223,2,20,Cod,3.0,446,Medium,June,Sunday,9,True,Medium
Zepto,2024-06-10,Paneer,Dairy,Delhi,111,1,8,Card,2.0,111,Fast,June,Monday,10,False,Low
Zepto,2024-06-11,Paneer,Dairy,Delhi,111,3,12,Cod,5.0,333,Fast,June,Tuesday,11,False,High
Zepto,2024-06-12,Eggs,Poultry,Delhi,142,1,13,Card,1.0,142,Fast,June,Wednesday,12,False,Low
Blinkit,2024-06-13,Bread,Bakery,Bangalore,54,4,21,Cod,1.0,216,Slow,June,Thursday,13,False,Low
Blinkit,2024-06-14,Paneer,Dairy,Chennai,182,3,17,Card,1.0,546,Medium,June,Friday,14,False,Low
Zepto,2024-06-15,Milk,Dairy,Bangalore,74,1,16,Card,4.0,74,Medium,June,Saturday,15,True,High
Blinkit,2024-06-16,Biscuits,Bakery,Mumbai,47,1,24,Upi,5.0,47,Slow,June,Sunday,16,True,High
Blinkit,2024-06-17,Milk,Dairy,Delhi,115,1,19,Card,2.0,115,Medium,June,Monday,17,False,Low
Zepto,2024-06-18,Snacks,Snacks,Delhi,43,2,14,Upi,2.0,86,Fast,June,Tuesday,18,False,Low
Zepto,2024-06-19,Bread,Bakery,Chennai,196,3,8,Upi,3.0,588,Fast,June,Wednesday,19,False,Medium
Blinkit,2024-06-20,Biscuits,Bakery,Chennai,213,2,20,Card,3.0,426,Medium,June,Thursday,20,False,Medium
Blinkit,2024-06-21,Paneer,Dairy,Bangalore,176,1,16,Upi,4.0,176,Medium,June,Friday,21,False,High
Blinkit,2024-06-22,Rice,Grains,Bangalore,54,1,19,Upi,3.0,54,Medium,June,Saturday,22,True,Medium
Blinkit,2024-06-23,Eggs,Poultry,Hyderabad,155,1,20,Upi,1.0,155,Medium,June,Sunday,23,True,Low
Zepto,2024-06-24,Biscuits,Bakery,Bangalore,30,3,9,Card,4.0,90,Fast,June,Monday,24,False,High
Blinkit,2024-06-25,Paneer,Dairy,Delhi,39,5,15,Card,1.0,195,Medium,June,Tuesday,25,False,Low
Blinkit,2024-06-26,Biscuits,Bakery,Hyderabad,88,4,15,Cod,3.0,352,Medium,June,Wednesday,26,False,Medium
Zepto,2024-06-27,Butter,Dairy,Bangalore,65,3,11,Card,3.0,195,Fast,June,Thursday,27,False,Medium
Blinkit,2024-06-28,Juice,Beverages,Mumbai,131,4,19,Cod,3.0,524,Medium,June,Friday,28,False,Medium
Blinkit,2024-06-29,Eggs,Poultry,Bangalore,85,3,24,Card,3.0,255,Slow,June,Saturday,29,True,Medium
Blinkit,2024-06-30,Juice,Beverages,Hyderabad,149,1,11,Card,5.0,149,Fast,June,Sunday,30,True,High
Zepto,2024-07-01,Eggs,Poultry,Hyderabad,112,2,9,Cod,5.0,224,Fast,July,Monday,1,False,High
Zepto,2024-07-02,Atta,Grains,Delhi,118,5,19,Cod,2.0,590,Medium,July,Tuesday,2,False,Low
Zepto,2024-07-03,Atta,Grains,Mumbai,217,3,8,Cod,4.0,651,Fast,July,Wednesday,3,False,High
Blinkit,2024-07-04,Snacks,Snacks,Chennai,215,5,20,Cod,3.0,1075,Medium,July,Thursday,4,False,Medium
Zepto,2024-07-05,Milk,Dairy,Delhi,143,1,16,Cod,3.0,143,Medium,July,Friday,5,False,Medium
Zepto,2024-07-06,Snacks,Snacks,Delhi,71,4,14,Upi,4.0,284,Fast,July,Saturday,6,True,High
Zepto,2024-07-07,Bread,Bakery,Delhi,145,3,13,Card,4.0,435,Fast,July,Sunday,7,True,High
Zepto,2024-07-08,Juice,Beverages,Bangalore,30,3,11,Card,5.0,90,Fast,July,Monday,8,False,High
Blinkit,2024-07-09,Biscuits,Bakery,Chennai,167,1,10,Upi,1.0,167,Fast,July,Tuesday,9,False,Low
Zepto,2024-07-10,Paneer,Dairy,Bangalore,46,5,9,Card,3.0,230,Fast,July,Wednesday,10,False,Medium
Zepto,2024-07-11,Rice,Grains,Hyderabad,250,2,16,Card,3.0,500,Medium,July,Thursday,11,False,Medium
Zepto,2024-07-12,Butter,Dairy,Delhi,92,2,10,Upi,3.0,184,Fast,July,Friday,12,False,Medium
Zepto,2024-07-13,Paneer,Dairy,Hyderabad,157,1,13,Cod,1.0,157,Fast,July,Saturday,13,True,Low
Zepto,2024-07-14,Milk,Dairy,Mumbai,98,3,13,Upi,2.0,294,Fast,July,Sunday,14,True,Low
Blinkit,2024-07-15,Snacks,Snacks,Delhi,114,4,14,Upi,4.0,456,Fast,July,Monday,15,False,High
Blinkit,2024-07-16,Atta,Grains,Mumbai,125,3,11,Upi,3.0,375,Fast,July,Tuesday,16,False,Medium
Zepto,2024-07-17,Biscuits,Bakery,Bangalore,213,3,10,Upi,5.0,639,Fast,July,Wednesday,17,False,High
Zepto,2024-07-18,Eggs,Poultry,Chennai,126,5,14,Cod,1.0,630,Fast,July,Thursday,18,False,Low
Zepto,2024-07-19,Eggs,Poultry,Hyderabad,227,3,10,Cod,3.0,681,Fast,July,Friday,19,False,Medium
Blinkit,2024-07-20,Eggs,Poultry,Chennai,229,3,21,Upi,4.0,687,Slow,July,Saturday,20,True,High
Zepto,2024-07-21,Paneer,Dairy,Chennai,205,5,15,Upi,1.0,1025,Medium,July,Sunday,21,True,Low
Blinkit,2024-07-22,Bread,Bakery,Hyderabad,193,4,18,Cod,2.0,772,Medium,July,Monday,22,False,Low
Blinkit,2024-07-23,Juice,Beverages,Bangalore,63,2,23,Card,4.0,126,Slow,July,Tuesday,23,False,High
Zepto,2024-07-24,Juice,Beverages,Bangalore,200,4,14,Card,4.0,800,Fast,July,Wednesday,24,False,High
Zepto,2024-07-25,Atta,Grains,Bangalore,241,2,11,Upi,4.0,482,Fast,July,Thursday,25,False,High
Blinkit,2024-07-26,Coke,Beverages,Delhi,50,5,13,Upi,3.0,250,Fast,July,Friday,26,False,Medium
Blinkit,2024-04-01,Paneer,Dairy,Delhi,146,4,17,Cod,5.0,584,Medium,April,Monday,1,False,High
Zepto,2024-04-02,Milk,Dairy,Bangalore,130,3,11,Card,3.0,390,Fast,April,Tuesday,2,False,Medium
Blinkit,2024-04-03,Paneer,Dairy,Bangalore,137,1,14,Upi,1.0,137,Fast,April,Wednesday,3,False,Low
Blinkit,2024-04-04,Eggs,Poultry,Bangalore,139,5,14,Cod,1.0,695,Fast,April,Thursday,4,False,Low
Blinkit,2024-04-05,Eggs,Poultry,Mumbai,239,2,14,Card,4.0,478,Fast,April,Friday,5,False,High
Zepto,2024-04-06,Paneer,Dairy,Hyderabad,150,2,11,Cod,4.0,300,Fast,April,Saturday,6,True,High
Zepto,2024-04-07,Butter,Dairy,Hyderabad,141,2,7,Card,2.0,282,Fast,April,Sunday,7,True,Low
Zepto,2024-04-08,Biscuits,Bakery,Mumbai,176,4,10,Cod,3.0,704,Fast,April,Monday,8,False,Medium
Zepto,2024-04-09,Milk,Dairy,Hyderabad,168,1,13,Cod,2.0,168,Fast,April,Tuesday,9,False,Low
Blinkit,2024-04-10,Atta,Grains,Bangalore,86,4,14,Cod,1.0,344,Fast,April,Wednesday,10,False,Low
Zepto,2024-04-11,Eggs,Poultry,Bangalore,123,3,20,Cod,3.0,369,Medium,April,Thursday,11,False,Medium
Zepto,2024-04-12,Milk,Dairy,Chennai,143,3,16,Card,5.0,429,Medium,April,Friday,12,False,High
Zepto,2024-04-13,Milk,Dairy,Hyderabad,155,1,16,Cod,1.0,155,Medium,April,Saturday,13,True,Low
Zepto,2024-04-14,Juice,Beverages,Bangalore,117,3,16,Card,3.0,351,Medium,April,Sunday,14,True,Medium
Zepto,2024-04-15,Milk,Dairy,Hyderabad,163,3,7,Card,5.0,489,Fast,April,Monday,15,False,High
Zepto,2024-04-16,Butter,Dairy,Chennai,236,4,19,Upi,2.0,944,Medium,April,Tuesday,16,False,Low
Blinkit,2024-04-17,Coke,Beverages,Bangalore,54,4,14,Upi,1.0,216,Fast,April,Wednesday,17,False,Low
Zepto,2024-04-18,Juice,Beverages,Hyderabad,148,5,18,Upi,3.0,740,Medium,April,Thursday,18,False,Medium
Zepto,2024-04-19,Rice,Grains,Bangalore,192,2,7,Card,2.0,384,Fast,April,Friday,19,False,Low
Zepto,2024-04-20,Milk,Dairy,Bangalore,166,1,15,Upi,2.0,166,Medium,April,Saturday,20,True,Low
Blinkit,2024-04-21,Biscuits,Bakery,Chennai,144,2,23,Card,3.0,288,Slow,April,Sunday,21,True,Medium
Blinkit,2024-04-22,Paneer,Dairy,Delhi,101,2,25,Cod,3.0,202,Slow,April,Monday,22,False,Medium
Blinkit,2024-04-23,Eggs,Poultry,Chennai,66,1,23,Cod,2.0,66,Slow,April,Tuesday,23,False,Low
Blinkit,2024-04-24,Paneer,Dairy,Delhi,131,2,16,Upi,3.0,262,Medium,April,Wednesday,24,False,Medium
Blinkit,2024-04-25,Milk,Dairy,Bangalore,38,4,10,Cod,3.0,152,Fast,April,Thursday,25,False,Medium
Blinkit,2024-04-26,Eggs,Poultry,Chennai,171,2,11,Upi,2.0,342,Fast,April,Friday,26,False,Low
Blinkit,2024-04-27,Rice,Grains,Hyderabad,247,3,10,Upi,4.0,741,Fast,April,Saturday,27,True,High
Zepto,2024-04-28,Snacks,Snacks,Mumbai,157,2,12,Cod,4.0,314,Fast,April,Sunday,28,True,High
Zepto,2024-04-29,Paneer,Dairy,Bangalore,141,2,17,Card,1.0,282,Medium,April,Monday,29,False,Low
Zepto,2024-04-30,Butter,Dairy,Bangalore,203,4,18,Card,2.0,812,Medium,April,Tuesday,30,False,Low
Zepto,2024-05-01,Milk,Dairy,Bangalore,55,3,10,Upi,2.0,165,Fast,May,Wednesday,1,False,Low
Zepto,2024-05-02,Butter,Dairy,Delhi,78,2,19,Card,5.0,156,Medium,May,Thursday,2,False,High
Zepto,2024-05-03,Paneer,Dairy,Delhi,81,2,9,Upi,3.0,162,Fast,May,Friday,3,False,Medium
Zepto,2024-05-04,Juice,Beverages,Mumbai,46,3,7,Card,3.0,138,Fast,May,Saturday,4,True,Medium
Blinkit,2024-05-05,Eggs,Poultry,Delhi,172,2,25,Cod,3.0,344,Slow,May,Sunday,5,True,Medium
Blinkit,2024-05-06,Snacks,Snacks,Mumbai,131,5,13,Upi,3.0,655,Fast,May,Monday,6,False,Medium
Blinkit,2024-05-07,Rice,Grains,Hyderabad,71,3,13,Card,3.0,213,Fast,May,Tuesday,7,False,Medium
Zepto,2024-05-08,Rice,Grains,Delhi,159,2,19,Card,4.0,318,Medium,May,Wednesday,8,False,High
Zepto,2024-05-09,Bread,Bakery,Chennai,223,3,20,Upi,4.0,669,Medium,May,Thursday,9,False,High
Blinkit,2024-05-10,Rice,Grains,Bangalore,179,3,17,Cod,1.0,537,Medium,May,Friday,10,False,Low
Blinkit,2024-05-11,Atta,Grains,Bangalore,68,2,11,Upi,5.0,136,Fast,May,Saturday,11,True,High
Blinkit,2024-05-12,Juice,Beverages,Hyderabad,249,5,11,Upi,1.0,1245,Fast,May,Sunday,12,True,Low
Blinkit,2024-05-13,Juice,Beverages,Chennai,122,3,20,Upi,3.0,366,Medium,May,Monday,13,False,Medium
Blinkit,2024-05-14,Coke,Beverages,Delhi,225,5,19,Card,2.0,1125,Medium,May,Tuesday,14,False,Low
Blinkit,2024-05-15,Biscuits,Bakery,Hyderabad,161,5,16,Upi,1.0,805,Medium,May,Wednesday,15,False,Low
Zepto,2024-05-16,Milk,Dairy,Bangalore,52,3,9,Card,3.0,156,Fast,May,Thursday,16,False,Medium
Blinkit,2024-05-17,Paneer,Dairy,Mumbai,214,4,13,Card,2.0,856,Fast,May,Friday,17,False,Low
Zepto,2024-05-18,Bread,Bakery,Delhi,247,1,20,Card,4.0,247,Medium,May,Saturday,18,True,High
Blinkit,2024-05-19,Atta,Grains,Hyderabad,84,2,22,Card,5.0,168,Slow,May,Sunday,19,True,High
Blinkit,2024-05-20,Atta,Grains,Delhi,201,1,22,Card,1.0,201,Slow,May,Monday,20,False,Low
Zepto,2024-05-21,Butter,Dairy,Bangalore,50,4,18,Upi,1.0,200,Medium,May,Tuesday,21,False,Low
Blinkit,2024-05-22,Coke,Beverages,Chennai,146,4,21,Upi,2.0,584,Slow,May,Wednesday,22,False,Low
Zepto,2024-05-23,Eggs,Poultry,Chennai,75,3,7,Upi,1.0,225,Fast,May,Thursday,23,False,Low
Blinkit,2024-05-24,Paneer,Dairy,Bangalore,211,3,16,Upi,5.0,633,Medium,May,Friday,24,False,High
Blinkit,2024-05-25,Coke,Beverages,Mumbai,188,2,20,Upi,4.0,376,Medium,May,Saturday,25,True,High
Zepto,2024-05-26,Atta,Grains,Bangalore,183,5,11,Card,4.0,915,Fast,May,Sunday,26,True,High
Zepto,2024-05-27,Biscuits,Bakery,Bangalore,148,1,15,Card,3.0,148,Medium,May,Monday,27,False,Medium
Zepto,2024-05-28,Milk,Dairy,Mumbai,46,3,12,Cod,1.0,138,Fast,May,Tuesday,28,False,Low
Blinkit,2024-05-29,Snacks,Snacks,Mumbai,189,4,11,Card,2.0,756,Fast,May,Wednesday,29,False,Low
Zepto,2024-05-30,Biscuits,Bakery,Hyderabad,224,4,18,Upi,4.0,896,Medium,May,Thursday,30,False,High
Zepto,2024-05-31,Butter,Dairy,Hyderabad,45,2,20,Cod,3.0,90,Medium,May,Friday,31,False,Medium
Zepto,2024-06-01,Eggs,Poultry,Mumbai,246,1,14,Card,2.0,246,Fast,June,Saturday,1,True,Low
Zepto,2024-06-02,Snacks,Snacks,Chennai,55,1,10,Card,2.0,55,Fast,June,Sunday,2,True,Low
Zepto,2024-06-03,Bread,Bakery,Bangalore,63,5,10,Cod,4.0,315,Fast,June,Monday,3,False,High
Blinkit,2024-06-04,Biscuits,Bakery,Mumbai,163,4,14,Card,3.0,652,Fast,June,Tuesday,4,False,Medium
Zepto,2024-06-05,Milk,Dairy,Mumbai,222,1,8,Card,3.0,222,Fast,June,Wednesday,5,False,Medium
Zepto,2024-06-06,Snacks,Snacks,Delhi,197,4,17,Card,4.0,788,Medium,June,Thursday,6,False,High
Blinkit,2024-06-07,Bread,Bakery,Bangalore,147,5,14,Upi,2.0,735,Fast,June,Friday,7,False,Low
Blinkit,2024-06-08,Snacks,Snacks,Delhi,52,2,19,Cod,1.0,104,Medium,June,Saturday,8,True,Low
Blinkit,2024-06-09,Milk,Dairy,Delhi,135,5,15,Cod,3.0,675,Medium,June,Sunday,9,True,Medium
Blinkit,2024-06-10,Coke,Beverages,Mumbai,85,1,19,Card,3.0,85,Medium,June,Monday,10,False,Medium
Zepto,2024-06-11,Rice,Grains,Hyderabad,180,5,12,Upi,3.0,900,Fast,June,Tuesday,11,False,Medium
Zepto,2024-06-12,Rice,Grains,Hyderabad,209,5,18,Card,3.0,1045,Medium,June,Wednesday,12,False,Medium
Blinkit,2024-06-13,Milk,Dairy,Hyderabad,205,2,11,Upi,3.0,410,Fast,June,Thursday,13,False,Medium
Blinkit,2024-06-14,Eggs,Poultry,Mumbai,104,1,13,Card,3.0,104,Fast,June,Friday,14,False,Medium
Blinkit,2024-06-15,Atta,Grains,Hyderabad,76,2,12,Upi,1.0,152,Fast,June,Saturday,15,True,Low
Zepto,2024-06-16,Eggs,Poultry,Chennai,142,4,15,Card,5.0,568,Medium,June,Sunday,16,True,High
Zepto,2024-06-17,Juice,Beverages,Delhi,111,1,9,Upi,3.0,111,Fast,June,Monday,17,False,Medium
Blinkit,2024-06-18,Butter,Dairy,Mumbai,199,2,14,Upi,1.0,398,Fast,June,Tuesday,18,False,Low
Zepto,2024-06-19,Paneer,Dairy,Mumbai,109,5,8,Upi,2.0,545,Fast,June,Wednesday,19,False,Low
Blinkit,2024-06-20,Butter,Dairy,Hyderabad,115,4,22,Upi,3.0,460,Slow,June,Thursday,20,False,Medium
Zepto,2024-06-21,Coke,Beverages,Chennai,212,4,7,Card,1.0,848,Fast,June,Friday,21,False,Low
Zepto,2024-06-22,Butter,Dairy,Delhi,78,3,17,Upi,3.0,234,Medium,June,Saturday,22,True,Medium
Blinkit,2024-06-23,Milk,Dairy,Hyderabad,77,1,24,Card,5.0,77,Slow,June,Sunday,23,True,High
Blinkit,2024-06-24,Paneer,Dairy,Delhi,181,2,19,Cod,3.0,362,Medium,June,Monday,24,False,Medium
Blinkit,2024-06-25,Paneer,Dairy,Chennai,166,1,24,Card,2.0,166,Slow,June,Tuesday,25,False,Low
Blinkit,2024-06-26,Paneer,Dairy,Delhi,158,4,11,Cod,3.0,632,Fast,June,Wednesday,26,False,Medium
Blinkit,2024-06-27,Biscuits,Bakery,Bangalore,71,1,12,Card,4.0,71,Fast,June,Thursday,27,False,High
Blinkit,2024-06-28,Milk,Dairy,Chennai,218,2,25,Card,2.0,436,Slow,June,Friday,28,False,Low
Zepto,2024-06-29,Biscuits,Bakery,Bangalore,77,3,19,Upi,4.0,231,Medium,June,Saturday,29,True,High
Blinkit,2024-06-30,Coke,Beverages,Chennai,140,2,23,Card,4.0,280,Slow,June,Sunday,30,True,High
Zepto,2024-07-01,Snacks,Snacks,Hyderabad,30,2,7,Card,5.0,60,Fast,July,Monday,1,False,High
Zepto,2024-07-02,Bread,Bakery,Bangalore,149,2,17,Cod,4.0,298,Medium,July,Tuesday,2,False,High
Blinkit,2024-07-03,Bread,Bakery,Bangalore,175,3,10,Upi,1.0,525,Fast,July,Wednesday,3,False,Low
Blinkit,2024-07-04,Milk,Dairy,Hyderabad,171,4,18,Upi,5.0,684,Medium,July,Thursday,4,False,High
Zepto,2024-07-05,Milk,Dairy,Bangalore,151,2,20,Cod,3.0,302,Medium,July,Friday,5,False,Medium
Blinkit,2024-07-06,Biscuits,Bakery,Mumbai,87,1,20,Card,3.0,87,Medium,July,Saturday,6,True,Medium
Zepto,2024-07-07,Atta,Grains,Mumbai,240,1,9,Upi,2.0,240,Fast,July,Sunday,7,True,Low
Zepto,2024-07-08,Bread,Bakery,Mumbai,128,2,14,Cod,5.0,256,Fast,July,Monday,8,False,High
Zepto,2024-07-09,Milk,Dairy,Mumbai,221,5,17,Card,3.0,1105,Medium,July,Tuesday,9,False,Medium
Blinkit,2024-07-10,Biscuits,Bakery,Delhi,30,2,25,Card,2.0,60,Slow,July,Wednesday,10,False,Low
Zepto,2024-07-11,Butter,Dairy,Chennai,178,5,12,Cod,5.0,890,Fast,July,Thursday,11,False,High
Blinkit,2024-07-12,Eggs,Poultry,Hyderabad,147,3,12,Cod,2.0,441,Fast,July,Friday,12,False,Low
Blinkit,2024-07-13,Snacks,Snacks,Mumbai,137,4,25,Cod,3.0,548,Slow,July,Saturday,13,True,Medium
Zepto,2024-07-14,Snacks,Snacks,Bangalore,227,1,13,Cod,2.0,227,Fast,July,Sunday,14,True,Low
Zepto,2024-07-15,Biscuits,Bakery,Mumbai,33,4,7,Card,3.0,132,Fast,July,Monday,15,False,Medium
Zepto,2024-07-16,Biscuits,Bakery,Mumbai,184,5,16,Card,3.0,920,Medium,July,Tuesday,16,False,Medium
Zepto,2024-07-17,Butter,Dairy,Chennai,47,3,18,Cod,3.0,141,Medium,July,Wednesday,17,False,Medium
Zepto,2024-07-18,Paneer,Dairy,Mumbai,150,5,11,Cod,3.0,750,Fast,July,Thursday,18,False,Medium
Zepto,2024-07-19,Atta,Grains,Mumbai,54,4,20,Cod,2.0,216,Medium,July,Friday,19,False,Low
Blinkit,2024-07-20,Bread,Bakery,Chennai,212,4,15,Card,2.0,848,Medium,July,Saturday,20,True,Low
Blinkit,2024-07-21,Bread,Bakery,Bangalore,128,4,24,Upi,5.0,512,Slow,July,Sunday,21,True,High
Zepto,2024-07-22,Coke,Beverages,Hyderabad,66,4,16,Upi,3.0,264,Medium,July,Monday,22,False,Medium
Zepto,2024-07-23,Eggs,Poultry,Bangalore,104,3,9,Upi,4.0,312,Fast,July,Tuesday,23,False,High
Zepto,2024-07-24,Butter,Dairy,Delhi,181,4,17,Upi,5.0,724,Medium,July,Wednesday,24,False,High
Zepto,2024-07-25,Coke,Beverages,Mumbai,235,2,20,Card,3.0,470,Medium,July,Thursday,25,False,Medium
Zepto,2024-07-26,Bread,Bakery,Chennai,78,3,11,Card,3.0,234,Fast,July,Friday,26,False,Medium
Blinkit,2024-04-01,Eggs,Poultry,Bangalore,120,2,19,Card,2.0,240,Medium,April,Monday,1,False,Low
Zepto,2024-04-02,Bread,Bakery,Delhi,108,5,19,Upi,3.0,540,Medium,April,Tuesday,2,False,Medium
Zepto,2024-04-03,Coke,Beverages,Mumbai,238,4,20,Upi,5.0,952,Medium,April,Wednesday,3,False,High
Blinkit,2024-04-04,Coke,Beverages,Mumbai,69,2,11,Card,2.0,138,Fast,April,Thursday,4,False,Low
Zepto,2024-04-05,Biscuits,Bakery,Chennai,123,1,15,Cod,5.0,123,Medium,April,Friday,5,False,High
Blinkit,2024-04-06,Milk,Dairy,Bangalore,209,3,25,Card,3.0,627,Slow,April,Saturday,6,True,Medium
Blinkit,2024-04-07,Milk,Dairy,Chennai,182,3,17,Upi,3.0,546,Medium,April,Sunday,7,True,Medium
Blinkit,2024-04-08,Biscuits,Bakery,Bangalore,131,2,11,Upi,5.0,262,Fast,April,Monday,8,False,High
Blinkit,2024-04-09,Paneer,Dairy,Delhi,205,3,10,Cod,3.0,615,Fast,April,Tuesday,9,False,Medium
Blinkit,2024-04-10,Atta,Grains,Mumbai,158,4,24,Cod,4.0,632,Slow,April,Wednesday,10,False,High
Zepto,2024-04-11,Butter,Dairy,Bangalore,54,2,19,Card,5.0,108,Medium,April,Thursday,11,False,High
Zepto,2024-04-12,Atta,Grains,Delhi,40,1,15,Card,3.0,40,Medium,April,Friday,12,False,Medium
Blinkit,2024-04-13,Butter,Dairy,Mumbai,216,4,12,Upi,1.0,864,Fast,April,Saturday,13,True,Low
Zepto,2024-04-14,Atta,Grains,Bangalore,236,2,15,Card,5.0,472,Medium,April,Sunday,14,True,High
Zepto,2024-04-15,Biscuits,Bakery,Delhi,166,1,7,Card,3.0,166,Fast,April,Monday,15,False,Medium
Blinkit,2024-04-16,Juice,Beverages,Mumbai,77,1,21,Upi,5.0,77,Slow,April,Tuesday,16,False,High
Zepto,2024-04-17,Rice,Grains,Mumbai,243,5,12,Card,3.0,1215,Fast,April,Wednesday,17,False,Medium
Blinkit,2024-04-18,Biscuits,Bakery,Hyderabad,42,4,20,Card,3.0,168,Medium,April,Thursday,18,False,Medium
Blinkit,2024-04-19,Rice,Grains,Mumbai,100,2,15,Card,3.0,200,Medium,April,Friday,19,False,Medium
Blinkit,2024-04-20,Biscuits,Bakery,Bangalore,190,3,12,Cod,3.0,570,Fast,April,Saturday,20,True,Medium
Blinkit,2024-04-21,Biscuits,Bakery,Chennai,144,4,19,Upi,2.0,576,Medium,April,Sunday,21,True,Low
Zepto,2024-04-22,Paneer,Dairy,Chennai,122,5,10,Card,3.0,610,Fast,April,Monday,22,False,Medium
Blinkit,2024-04-23,Juice,Beverages,Bangalore,196,2,23,Card,1.0,392,Slow,April,Tuesday,23,False,Low
Blinkit,2024-04-24,Rice,Grains,Hyderabad,180,1,22,Card,2.0,180,Slow,April,Wednesday,24,False,Low
Blinkit,2024-04-25,Eggs,Poultry,Hyderabad,39,5,14,Card,5.0,195,Fast,April,Thursday,25,False,High
Blinkit,2024-04-26,Milk,Dairy,Delhi,115,5,11,Upi,5.0,575,Fast,April,Friday,26,False,High
Zepto,2024-04-27,Coke,Beverages,Mumbai,151,5,14,Card,3.0,755,Fast,April,Saturday,27,True,Medium
Zepto,2024-04-28,Coke,Beverages,Hyderabad,193,5,12,Upi,4.0,965,Fast,April,Sunday,28,True,High
Blinkit,2024-04-29,Butter,Dairy,Chennai,184,2,15,Upi,2.0,368,Medium,April,Monday,29,False,Low
Blinkit,2024-04-30,Butter,Dairy,Mumbai,151,3,20,Upi,5.0,453,Medium,April,Tuesday,30,False,High
Blinkit,2024-05-01,Paneer,Dairy,Chennai,213,3,25,Card,2.0,639,Slow,May,Wednesday,1,False,Low
Zepto,2024-05-02,Paneer,Dairy,Chennai,194,5,17,Card,4.0,970,Medium,May,Thursday,2,False,High
Zepto,2024-05-03,Juice,Beverages,Chennai,162,3,20,Upi,4.0,486,Medium,May,Friday,3,False,High
Zepto,2024-05-04,Eggs,Poultry,Delhi,213,3,12,Upi,1.0,639,Fast,May,Saturday,4,True,Low
Blinkit,2024-05-05,Coke,Beverages,Hyderabad,219,1,25,Card,1.0,219,Slow,May,Sunday,5,True,Low
Zepto,2024-05-06,Coke,Beverages,Bangalore,248,4,16,Cod,2.0,992,Medium,May,Monday,6,False,Low
Zepto,2024-05-07,Butter,Dairy,Hyderabad,152,1,12,Card,5.0,152,Fast,May,Tuesday,7,False,High
Zepto,2024-05-08,Biscuits,Bakery,Bangalore,47,5,8,Card,2.0,235,Fast,May,Wednesday,8,False,Low
Zepto,2024-05-09,Butter,Dairy,Mumbai,63,1,15,Upi,3.0,63,Medium,May,Thursday,9,False,Medium
Zepto,2024-05-10,Atta,Grains,Chennai,224,1,8,Upi,3.0,224,Fast,May,Friday,10,False,Medium
Zepto,2024-05-11,Atta,Grains,Hyderabad,49,4,9,Card,4.0,196,Fast,May,Saturday,11,True,High
Zepto,2024-05-12,Snacks,Snacks,Chennai,53,2,18,Upi,2.0,106,Medium,May,Sunday,12,True,Low
Zepto,2024-05-13,Milk,Dairy,Mumbai,247,2,13,Card,1.0,494,Fast,May,Monday,13,False,Low
Blinkit,2024-05-14,Milk,Dairy,Hyderabad,143,2,24,Upi,3.0,286,Slow,May,Tuesday,14,False,Medium
Zepto,2024-05-15,Eggs,Poultry,Bangalore,192,4,10,Cod,1.0,768,Fast,May,Wednesday,15,False,Low
Zepto,2024-05-16,Juice,Beverages,Hyderabad,248,1,18,Cod,1.0,248,Medium,May,Thursday,16,False,Low
Zepto,2024-05-17,Biscuits,Bakery,Bangalore,88,2,15,Cod,4.0,176,Medium,May,Friday,17,False,High
Zepto,2024-05-18,Milk,Dairy,Bangalore,45,2,11,Upi,5.0,90,Fast,May,Saturday,18,True,High
Blinkit,2024-05-19,Butter,Dairy,Bangalore,226,4,15,Upi,3.0,904,Medium,May,Sunday,19,True,Medium
Blinkit,2024-05-20,Snacks,Snacks,Delhi,74,2,23,Card,3.0,148,Slow,May,Monday,20,False,Medium
Zepto,2024-05-21,Coke,Beverages,Hyderabad,118,5,16,Upi,5.0,590,Medium,May,Tuesday,21,False,High
Blinkit,2024-05-22,Coke,Beverages,Bangalore,111,4,17,Upi,4.0,444,Medium,May,Wednesday,22,False,High
Blinkit,2024-05-23,Eggs,Poultry,Delhi,241,5,15,Cod,5.0,1205,Medium,May,Thursday,23,False,High
Zepto,2024-05-24,Bread,Bakery,Mumbai,155,4,7,Card,3.0,620,Fast,May,Friday,24,False,Medium
Blinkit,2024-05-25,Snacks,Snacks,Hyderabad,161,3,20,Card,3.0,483,Medium,May,Saturday,25,True,Medium
Zepto,2024-05-26,Eggs,Poultry,Hyderabad,236,4,16,Card,4.0,944,Medium,May,Sunday,26,True,High
Zepto,2024-05-27,Biscuits,Bakery,Chennai,117,5,19,Upi,5.0,585,Medium,May,Monday,27,False,High
Blinkit,2024-05-28,Biscuits,Bakery,Delhi,36,5,19,Cod,3.0,180,Medium,May,Tuesday,28,False,Medium
Zepto,2024-05-29,Biscuits,Bakery,Mumbai,115,2,9,Cod,2.0,230,Fast,May,Wednesday,29,False,Low
Zepto,2024-05-30,Paneer,Dairy,Bangalore,137,3,12,Upi,2.0,411,Fast,May,Thursday,30,False,Low
Zepto,2024-05-31,Coke,Beverages,Chennai,203,3,15,Card,2.0,609,Medium,May,Friday,31,False,Low
Blinkit,2024-06-01,Milk,Dairy,Delhi,40,5,18,Card,1.0,200,Medium,June,Saturday,1,True,Low
Blinkit,2024-06-02,Coke,Beverages,Mumbai,132,5,21,Card,4.0,660,Slow,June,Sunday,2,True,High
Zepto,2024-06-03,Coke,Beverages,Hyderabad,145,4,8,Upi,4.0,580,Fast,June,Monday,3,False,High
Zepto,2024-06-04,Paneer,Dairy,Bangalore,73,3,8,Upi,3.0,219,Fast,June,Tuesday,4,False,Medium
Zepto,2024-06-05,Butter,Dairy,Hyderabad,108,4,8,Cod,3.0,432,Fast,June,Wednesday,5,False,Medium
Zepto,2024-06-06,Paneer,Dairy,Mumbai,127,2,11,Upi,2.0,254,Fast,June,Thursday,6,False,Low
Zepto,2024-06-07,Atta,Grains,Chennai,236,2,8,Card,3.0,472,Fast,June,Friday,7,False,Medium
Zepto,2024-06-08,Coke,Beverages,Mumbai,50,1,13,Card,3.0,50,Fast,June,Saturday,8,True,Medium
Blinkit,2024-06-09,Biscuits,Bakery,Mumbai,82,4,25,Upi,3.0,328,Slow,June,Sunday,9,True,Medium
Blinkit,2024-06-10,Paneer,Dairy,Mumbai,148,1,14,Cod,5.0,148,Fast,June,Monday,10,False,High
Zepto,2024-06-11,Eggs,Poultry,Mumbai,53,4,17,Card,3.0,212,Medium,June,Tuesday,11,False,Medium
Zepto,2024-06-12,Rice,Grains,Mumbai,127,4,11,Card,2.0,508,Fast,June,Wednesday,12,False,Low
Blinkit,2024-06-13,Butter,Dairy,Bangalore,59,2,12,Cod,4.0,118,Fast,June,Thursday,13,False,High
Zepto,2024-06-14,Bread,Bakery,Chennai,228,4,19,Upi,3.0,912,Medium,June,Friday,14,False,Medium
Blinkit,2024-06-15,Rice,Grains,Hyderabad,157,3,21,Upi,5.0,471,Slow,June,Saturday,15,True,High
Blinkit,2024-06-16,Paneer,Dairy,Chennai,146,2,14,Upi,3.0,292,Fast,June,Sunday,16,True,Medium
Blinkit,2024-06-17,Biscuits,Bakery,Hyderabad,175,2,23,Card,2.0,350,Slow,June,Monday,17,False,Low
Blinkit,2024-06-18,Rice,Grains,Hyderabad,236,1,10,Upi,3.0,236,Fast,June,Tuesday,18,False,Medium
Blinkit,2024-06-19,Juice,Beverages,Hyderabad,171,4,21,Upi,4.0,684,Slow,June,Wednesday,19,False,High
Zepto,2024-06-20,Butter,Dairy,Hyderabad,30,3,16,Upi,3.0,90,Medium,June,Thursday,20,False,Medium
Blinkit,2024-06-21,Milk,Dairy,Delhi,39,5,25,Cod,2.0,195,Slow,June,Friday,21,False,Low
Blinkit,2024-06-22,Rice,Grains,Bangalore,165,3,13,Cod,3.0,495,Fast,June,Saturday,22,True,Medium
Blinkit,2024-06-23,Milk,Dairy,Mumbai,40,2,14,Card,5.0,80,Fast,June,Sunday,23,True,High
Blinkit,2024-06-24,Rice,Grains,Hyderabad,164,2,19,Card,2.0,328,Medium,June,Monday,24,False,Low
Blinkit,2024-06-25,Atta,Grains,Chennai,94,5,18,Card,1.0,470,Medium,June,Tuesday,25,False,Low
Blinkit,2024-06-26,Milk,Dairy,Chennai,52,4,24,Upi,4.0,208,Slow,June,Wednesday,26,False,High
Blinkit,2024-06-27,Coke,Beverages,Mumbai,135,5,23,Upi,4.0,675,Slow,June,Thursday,27,False,High
Blinkit,2024-06-28,Eggs,Poultry,Mumbai,210,2,21,Upi,1.0,420,Slow,June,Friday,28,False,Low
Blinkit,2024-06-29,Biscuits,Bakery,Mumbai,160,2,10,Card,5.0,320,Fast,June,Saturday,29,True,High
Blinkit,2024-06-30,Juice,Beverages,Mumbai,199,1,24,Upi,4.0,199,Slow,June,Sunday,30,True,High
Blinkit,2024-07-01,Coke,Beverages,Delhi,188,4,21,Upi,2.0,752,Slow,July,Monday,1,False,Low
Blinkit,2024-07-02,Atta,Grains,Delhi,152,1,23,Upi,2.0,152,Slow,July,Tuesday,2,False,Low
Zepto,2024-07-03,Eggs,Poultry,Mumbai,139,4,15,Cod,3.0,556,Medium,July,Wednesday,3,False,Medium
Blinkit,2024-07-04,Biscuits,Bakery,Bangalore,74,3,22,Cod,3.0,222,Slow,July,Thursday,4,False,Medium
Zepto,2024-07-05,Milk,Dairy,Hyderabad,235,4,7,Cod,2.0,940,Fast,July,Friday,5,False,Low
Blinkit,2024-07-06,Atta,Grains,Mumbai,204,4,21,Upi,1.0,816,Slow,July,Saturday,6,True,Low
Blinkit,2024-07-07,Atta,Grains,Hyderabad,234,3,17,Cod,5.0,702,Medium,July,Sunday,7,True,High
Zepto,2024-07-08,Atta,Grains,Mumbai,208,5,17,Cod,4.0,1040,Medium,July,Monday,8,False,High
Blinkit,2024-07-09,Juice,Beverages,Hyderabad,117,1,21,Upi,4.0,117,Slow,July,Tuesday,9,False,High
Blinkit,2024-07-10,Eggs,Poultry,Bangalore,137,4,11,Cod,2.0,548,Fast,July,Wednesday,10,False,Low
Zepto,2024-07-11,Juice,Beverages,Hyderabad,93,1,12,Card,1.0,93,Fast,July,Thursday,11,False,Low
Blinkit,2024-07-12,Biscuits,Bakery,Delhi,160,4,15,Cod,3.0,640,Medium,July,Friday,12,False,Medium
Blinkit,2024-07-13,Snacks,Snacks,Chennai,199,4,13,Upi,1.0,796,Fast,July,Saturday,13,True,Low
Blinkit,2024-07-14,Bread,Bakery,Mumbai,168,1,23,Upi,5.0,168,Slow,July,Sunday,14,True,High
Blinkit,2024-07-15,Butter,Dairy,Mumbai,87,1,11,Card,1.0,87,Fast,July,Monday,15,False,Low
Blinkit,2024-07-16,Eggs,Poultry,Chennai,156,5,14,Upi,4.0,780,Fast,July,Tuesday,16,False,High
Zepto,2024-07-17,Snacks,Snacks,Bangalore,232,2,15,Upi,5.0,464,Medium,July,Wednesday,17,False,High
Blinkit,2024-07-18,Eggs,Poultry,Bangalore,151,1,19,Cod,3.0,151,Medium,July,Thursday,18,False,Medium
Zepto,2024-07-19,Paneer,Dairy,Delhi,110,3,17,Card,2.0,330,Medium,July,Friday,19,False,Low
Blinkit,2024-07-20,Rice,Grains,Bangalore,100,5,23,Card,3.0,500,Slow,July,Saturday,20,True,Medium
Zepto,2024-07-21,Paneer,Dairy,Mumbai,227,5,13,Card,3.0,1135,Fast,July,Sunday,21,True,Medium
Blinkit,2024-07-22,Milk,Dairy,Mumbai,154,2,15,Upi,1.0,308,Medium,July,Monday,22,False,Low
Zepto,2024-07-23,Bread,Bakery,Chennai,83,2,18,Upi,1.0,166,Medium,July,Tuesday,23,False,Low
Zepto,2024-07-24,Atta,Grains,Mumbai,45,2,11,Cod,5.0,90,Fast,July,Wednesday,24,False,High
Blinkit,2024-07-25,Atta,Grains,Delhi,216,1,13,Upi,4.0,216,Fast,July,Thursday,25,False,High
Blinkit,2024-07-26,Bread,Bakery,Delhi,199,4,12,Upi,2.0,796,Fast,July,Friday,26,False,Low
Blinkit,2024-07-27,Paneer,Dairy,Hyderabad,192,5,17,Card,5.0,960,Medium,July,Saturday,27,True,High
Blinkit,2024-07-28,Coke,Beverages,Delhi,198,1,17,Upi,4.0,198,Medium,July,Sunday,28,True,High
Blinkit,2024-07-29,Biscuits,Bakery,Chennai,198,1,22,Upi,3.0,198,Slow,July,Monday,29,False,Medium
Blinkit,2024-07-30,Milk,Dairy,Chennai,248,5,12,Upi,1.0,1240,Fast,July,Tuesday,30,False,Low
Zepto,2024-07-31,Milk,Dairy,Mumbai,83,5,20,Cod,3.0,415,Medium,July,Wednesday,31,False,Medium
Zepto,2024-08-01,Eggs,Poultry,Bangalore,146,4,17,Upi,5.0,584,Medium,August,Thursday,1,False,High
Blinkit,2024-08-02,Milk,Dairy,Mumbai,180,2,16,Cod,1.0,360,Medium,August,Friday,2,False,Low
Blinkit,2024-08-03,Juice,Beverages,Bangalore,106,3,23,Card,2.0,318,Slow,August,Saturday,3,True,Low
Zepto,2024-08-04,Snacks,Snacks,Chennai,68,5,19,Cod,2.0,340,Medium,August,Sunday,4,True,Low
Blinkit,2024-08-05,Biscuits,Bakery,Hyderabad,65,4,12,Cod,3.0,260,Fast,August,Monday,5,False,Medium
Blinkit,2024-08-06,Bread,Bakery,Chennai,167,2,12,Card,5.0,334,Fast,August,Tuesday,6,False,High
Zepto,2024-08-07,Butter,Dairy,Mumbai,221,2,16,Card,4.0,442,Medium,August,Wednesday,7,False,High
Zepto,2024-08-08,Bread,Bakery,Bangalore,245,5,12,Upi,3.0,1225,Fast,August,Thursday,8,False,Medium
Blinkit,2024-08-09,Rice,Grains,Bangalore,189,1,20,Cod,4.0,189,Medium,August,Friday,9,False,High
Blinkit,2024-08-10,Butter,Dairy,Mumbai,181,5,17,Card,1.0,905,Medium,August,Saturday,10,True,Low
Blinkit,2024-08-11,Coke,Beverages,Bangalore,202,4,15,Cod,3.0,808,Medium,August,Sunday,11,True,Medium
Zepto,2024-08-12,Butter,Dairy,Mumbai,150,5,8,Card,3.0,750,Fast,August,Monday,12,False,Medium
Zepto,2024-08-13,Butter,Dairy,Delhi,177,1,20,Upi,1.0,177,Medium,August,Tuesday,13,False,Low
Zepto,2024-08-14,Snacks,Snacks,Bangalore,188,4,8,Cod,3.0,752,Fast,August,Wednesday,14,False,Medium
Blinkit,2024-08-15,Atta,Grains,Delhi,141,2,21,Cod,5.0,282,Slow,August,Thursday,15,False,High
Zepto,2024-08-16,Rice,Grains,Hyderabad,114,2,7,Cod,3.0,228,Fast,August,Friday,16,False,Medium
Zepto,2024-08-17,Snacks,Snacks,Chennai,116,2,14,Card,5.0,232,Fast,August,Saturday,17,True,High
Blinkit,2024-08-18,Bread,Bakery,Bangalore,178,5,10,Upi,3.0,890,Fast,August,Sunday,18,True,Medium
Zepto,2024-08-19,Paneer,Dairy,Mumbai,249,5,9,Card,5.0,1245,Fast,August,Monday,19,False,High
Blinkit,2024-08-20,Eggs,Poultry,Delhi,193,2,12,Upi,3.0,386,Fast,August,Tuesday,20,False,Medium
Zepto,2024-08-21,Paneer,Dairy,Chennai,68,2,18,Card,3.0,136,Medium,August,Wednesday,21,False,Medium
Zepto,2024-08-22,Snacks,Snacks,Chennai,152,1,12,Cod,3.0,152,Fast,August,Thursday,22,False,Medium
Blinkit,2024-08-23,Paneer,Dairy,Bangalore,236,4,23,Card,3.0,944,Slow,August,Friday,23,False,Medium
Zepto,2024-08-24,Rice,Grains,Hyderabad,234,4,17,Upi,3.0,936,Medium,August,Saturday,24,True,Medium
Zepto,2024-08-25,Juice,Beverages,Mumbai,154,3,20,Card,5.0,462,Medium,August,Sunday,25,True,High
Blinkit,2024-08-26,Butter,Dairy,Bangalore,211,3,20,Card,4.0,633,Medium,August,Monday,26,False,High
Blinkit,2024-08-27,Milk,Dairy,Hyderabad,146,5,23,Cod,5.0,730,Slow,August,Tuesday,27,False,High
Zepto,2024-08-28,Biscuits,Bakery,Delhi,32,1,18,Card,4.0,32,Medium,August,Wednesday,28,False,High
Zepto,2024-08-29,Snacks,Snacks,Mumbai,228,4,16,Cod,2.0,912,Medium,August,Thursday,29,False,Low
Zepto,2024-08-30,Milk,Dairy,Chennai,173,4,18,Card,2.0,692,Medium,August,Friday,30,False,Low
Zepto,2024-08-31,Butter,Dairy,Bangalore,136,4,11,Upi,3.0,544,Fast,August,Saturday,31,True,Medium
Zepto,2024-09-01,Bread,Bakery,Delhi,81,1,8,Upi,2.0,81,Fast,September,Sunday,1,True,Low
Blinkit,2024-09-02,Biscuits,Bakery,Delhi,122,1,24,Upi,1.0,122,Slow,September,Monday,2,False,Low
Zepto,2024-09-03,Butter,Dairy,Mumbai,54,5,9,Cod,1.0,270,Fast,September,Tuesday,3,False,Low
Zepto,2024-09-04,Milk,Dairy,Delhi,213,4,9,Cod,3.0,852,Fast,September,Wednesday,4,False,Medium
Zepto,2024-09-05,Bread,Bakery,Bangalore,183,5,20,Upi,3.0,915,Medium,September,Thursday,5,False,Medium
Blinkit,2024-09-06,Rice,Grains,Delhi,131,3,18,Upi,3.0,393,Medium,September,Friday,6,False,Medium
Zepto,2024-09-07,Juice,Beverages,Hyderabad,45,5,16,Cod,2.0,225,Medium,September,Saturday,7,True,Low
Zepto,2024-09-08,Eggs,Poultry,Hyderabad,138,4,18,Cod,4.0,552,Medium,September,Sunday,8,True,High
Zepto,2024-09-09,Butter,Dairy,Bangalore,162,5,14,Cod,2.0,810,Fast,September,Monday,9,False,Low
Zepto,2024-09-10,Rice,Grains,Mumbai,243,5,16,Card,1.0,1215,Medium,September,Tuesday,10,False,Low
Blinkit,2024-09-11,Milk,Dairy,Delhi,162,2,12,Card,3.0,324,Fast,September,Wednesday,11,False,Medium
Blinkit,2024-09-12,Eggs,Poultry,Chennai,232,3,13,Upi,1.0,696,Fast,September,Thursday,12,False,Low
Zepto,2024-09-13,Coke,Beverages,Hyderabad,187,3,13,Upi,5.0,561,Fast,September,Friday,13,False,High
Blinkit,2024-09-14,Atta,Grains,Delhi,124,1,19,Upi,2.0,124,Medium,September,Saturday,14,True,Low
Blinkit,2024-09-15,Rice,Grains,Mumbai,177,5,25,Upi,2.0,885,Slow,September,Sunday,15,True,Low
Blinkit,2024-09-16,Butter,Dairy,Bangalore,104,3,23,Upi,2.0,312,Slow,September,Monday,16,False,Low
Blinkit,2024-09-17,Biscuits,Bakery,Hyderabad,223,2,13,Upi,3.0,446,Fast,September,Tuesday,17,False,Medium
Blinkit,2024-09-18,Eggs,Poultry,Chennai,139,3,16,Cod,2.0,417,Medium,September,Wednesday,18,False,Low
Zepto,2024-09-19,Biscuits,Bakery,Bangalore,44,4,8,Cod,1.0,176,Fast,September,Thursday,19,False,Low
Blinkit,2024-09-20,Eggs,Poultry,Mumbai,244,1,22,Card,1.0,244,Slow,September,Friday,20,False,Low
Zepto,2024-09-21,Juice,Beverages,Bangalore,191,5,18,Cod,4.0,955,Medium,September,Saturday,21,True,High
Blinkit,2024-09-22,Biscuits,Bakery,Delhi,75,1,23,Upi,1.0,75,Slow,September,Sunday,22,True,Low
Zepto,2024-09-23,Coke,Beverages,Hyderabad,152,2,15,Upi,1.0,304,Medium,September,Monday,23,False,Low
Blinkit,2024-09-24,Biscuits,Bakery,Delhi,173,3,16,Card,2.0,519,Medium,September,Tuesday,24,False,Low
Zepto,2024-09-25,Coke,Beverages,Hyderabad,246,4,20,Cod,1.0,984,Medium,September,Wednesday,25,False,Low
Zepto,2024-09-26,Juice,Beverages,Chennai,99,4,7,Upi,4.0,396,Fast,September,Thursday,26,False,High
Blinkit,2024-09-27,Atta,Grains,Mumbai,221,3,18,Upi,1.0,663,Medium,September,Friday,27,False,Low
Zepto,2024-09-28,Paneer,Dairy,Chennai,197,1,17,Upi,3.0,197,Medium,September,Saturday,28,True,Medium
Zepto,2024-09-29,Eggs,Poultry,Bangalore,227,2,19,Upi,2.0,454,Medium,September,Sunday,29,True,Low
Blinkit,2024-09-30,Biscuits,Bakery,Hyderabad,166,1,20,Card,2.0,166,Medium,September,Monday,30,False,Low
Zepto,2024-10-01,Snacks,Snacks,Delhi,173,5,10,Card,2.0,865,Fast,October,Tuesday,1,False,Low
Blinkit,2024-10-02,Butter,Dairy,Mumbai,157,5,18,Upi,4.0,785,Medium,October,Wednesday,2,False,High
Zepto,2024-10-03,Paneer,Dairy,Bangalore,192,5,18,Card,4.0,960,Medium,October,Thursday,3,False,High
Zepto,2024-10-04,Atta,Grains,Chennai,246,4,8,Card,5.0,984,Fast,October,Friday,4,False,High
Zepto,2024-10-05,Bread,Bakery,Delhi,126,4,20,Cod,3.0,504,Medium,October,Saturday,5,True,Medium
Zepto,2024-10-06,Atta,Grains,Delhi,62,1,15,Upi,2.0,62,Medium,October,Sunday,6,True,Low
Zepto,2024-10-07,Coke,Beverages,Chennai,148,5,17,Cod,2.0,740,Medium,October,Monday,7,False,Low
Zepto,2024-10-08,Milk,Dairy,Delhi,205,1,10,Upi,5.0,205,Fast,October,Tuesday,8,False,High
Blinkit,2024-10-09,Butter,Dairy,Chennai,163,3,20,Cod,5.0,489,Medium,October,Wednesday,9,False,High
Zepto,2024-10-10,Rice,Grains,Mumbai,54,3,18,Card,3.0,162,Medium,October,Thursday,10,False,Medium
Blinkit,2024-10-11,Rice,Grains,Bangalore,78,2,16,Upi,1.0,156,Medium,October,Friday,11,False,Low
Zepto,2024-10-12,Bread,Bakery,Bangalore,163,4,13,Card,3.0,652,Fast,October,Saturday,12,True,Medium
Blinkit,2024-10-13,Paneer,Dairy,Chennai,157,2,21,Cod,3.0,314,Slow,October,Sunday,13,True,Medium
Zepto,2024-10-14,Juice,Beverages,Chennai,76,2,16,Card,1.0,152,Medium,October,Monday,14,False,Low
Zepto,2024-10-15,Paneer,Dairy,Mumbai,123,1,19,Upi,3.0,123,Medium,October,Tuesday,15,False,Medium
Blinkit,2024-10-16,Eggs,Poultry,Delhi,42,1,15,Card,1.0,42,Medium,October,Wednesday,16,False,Low
Zepto,2024-10-17,Snacks,Snacks,Delhi,95,1,7,Cod,3.0,95,Fast,October,Thursday,17,False,Medium
Zepto,2024-10-18,Paneer,Dairy,Hyderabad,183,3,15,Card,5.0,549,Medium,October,Friday,18,False,High
Blinkit,2024-10-19,Juice,Beverages,Chennai,183,5,13,Upi,3.0,915,Fast,October,Saturday,19,True,Medium
Blinkit,2024-10-20,Snacks,Snacks,Delhi,119,5,21,Upi,5.0,595,Slow,October,Sunday,20,True,High
Blinkit,2024-10-21,Rice,Grains,Chennai,243,4,21,Card,1.0,972,Slow,October,Monday,21,False,Low
Blinkit,2024-10-22,Butter,Dairy,Hyderabad,188,4,25,Upi,4.0,752,Slow,October,Tuesday,22,False,High
Blinkit,2024-10-23,Eggs,Poultry,Mumbai,70,1,13,Card,3.0,70,Fast,October,Wednesday,23,False,Medium
Zepto,2024-10-24,Rice,Grains,Hyderabad,206,3,20,Card,1.0,618,Medium,October,Thursday,24,False,Low
Zepto,2024-10-25,Juice,Beverages,Delhi,66,2,8,Upi,2.0,132,Fast,October,Friday,25,False,Low
Zepto,2024-10-26,Paneer,Dairy,Bangalore,245,1,13,Upi,2.0,245,Fast,October,Saturday,26,True,Low
Zepto,2024-10-27,Juice,Beverages,Mumbai,119,2,15,Cod,2.0,238,Medium,October,Sunday,27,True,Low
Blinkit,2024-10-28,Rice,Grains,Bangalore,117,2,21,Cod,2.0,234,Slow,October,Monday,28,False,Low
Blinkit,2024-10-29,Bread,Bakery,Hyderabad,178,4,19,Card,3.0,712,Medium,October,Tuesday,29,False,Medium
Zepto,2024-10-30,Biscuits,Bakery,Mumbai,103,1,20,Upi,1.0,103,Medium,October,Wednesday,30,False,Low
Blinkit,2024-10-31,Coke,Beverages,Bangalore,42,4,18,Card,5.0,168,Medium,October,Thursday,31,False,High
Zepto,2024-11-01,Eggs,Poultry,Mumbai,54,3,17,Cod,4.0,162,Medium,November,Friday,1,False,High
Zepto,2024-11-02,Bread,Bakery,Delhi,117,3,8,Card,3.0,351,Fast,November,Saturday,2,True,Medium
Blinkit,2024-11-03,Biscuits,Bakery,Chennai,80,1,22,Upi,1.0,80,Slow,November,Sunday,3,True,Low
Blinkit,2024-11-04,Coke,Beverages,Delhi,231,2,21,Cod,3.0,462,Slow,November,Monday,4,False,Medium
Zepto,2024-11-05,Paneer,Dairy,Bangalore,66,3,10,Cod,3.0,198,Fast,November,Tuesday,5,False,Medium
Zepto,2024-11-06,Eggs,Poultry,Mumbai,141,5,8,Card,5.0,705,Fast,November,Wednesday,6,False,High
Blinkit,2024-11-07,Biscuits,Bakery,Delhi,115,2,22,Upi,3.0,230,Slow,November,Thursday,7,False,Medium
Blinkit,2024-11-08,Paneer,Dairy,Hyderabad,190,2,16,Upi,4.0,380,Medium,November,Friday,8,False,High
Blinkit,2024-11-09,Biscuits,Bakery,Delhi,112,4,10,Cod,3.0,448,Fast,November,Saturday,9,True,Medium
Blinkit,2024-11-10,Eggs,Poultry,Bangalore,126,3,21,Upi,5.0,378,Slow,November,Sunday,10,True,High
Blinkit,2024-11-11,Coke,Beverages,Mumbai,210,5,20,Card,4.0,1050,Medium,November,Monday,11,False,High
Blinkit,2024-11-12,Atta,Grains,Bangalore,197,4,18,Cod,3.0,788,Medium,November,Tuesday,12,False,Medium
Blinkit,2024-11-13,Milk,Dairy,Chennai,156,3,25,Upi,2.0,468,Slow,November,Wednesday,13,False,Low
Blinkit,2024-11-14,Paneer,Dairy,Delhi,62,2,12,Card,4.0,124,Fast,November,Thursday,14,False,High
Blinkit,2024-11-15,Snacks,Snacks,Mumbai,109,4,23,Card,1.0,436,Slow,November,Friday,15,False,Low
Blinkit,2024-11-16,Milk,Dairy,Mumbai,242,4,25,Card,5.0,968,Slow,November,Saturday,16,True,High
Zepto,2024-11-17,Eggs,Poultry,Hyderabad,132,4,14,Cod,3.0,528,Fast,November,Sunday,17,True,Medium
Zepto,2024-11-18,Paneer,Dairy,Delhi,90,3,11,Cod,2.0,270,Fast,November,Monday,18,False,Low
Blinkit,2024-11-19,Snacks,Snacks,Bangalore,164,5,11,Cod,5.0,820,Fast,November,Tuesday,19,False,High
Zepto,2024-11-20,Eggs,Poultry,Hyderabad,246,3,7,Cod,4.0,738,Fast,November,Wednesday,20,False,High
Blinkit,2024-11-21,Snacks,Snacks,Hyderabad,81,5,16,Upi,4.0,405,Medium,November,Thursday,21,False,High
Blinkit,2024-11-22,Bread,Bakery,Delhi,166,4,15,Cod,3.0,664,Medium,November,Friday,22,False,Medium
Zepto,2024-11-23,Milk,Dairy,Delhi,248,4,12,Cod,3.0,992,Fast,November,Saturday,23,True,Medium
Zepto,2024-11-24,Rice,Grains,Bangalore,69,5,10,Cod,1.0,345,Fast,November,Sunday,24,True,Low
Blinkit,2024-11-25,Biscuits,Bakery,Mumbai,193,1,14,Card,4.0,193,Fast,November,Monday,25,False,High
Zepto,2024-11-26,Butter,Dairy,Mumbai,235,5,11,Upi,2.0,1175,Fast,November,Tuesday,26,False,Low
Zepto,2024-11-27,Milk,Dairy,Mumbai,43,2,9,Upi,5.0,86,Fast,November,Wednesday,27,False,High
Blinkit,2024-11-28,Bread,Bakery,Delhi,141,4,20,Upi,3.0,564,Medium,November,Thursday,28,False,Medium
Zepto,2024-11-29,Juice,Beverages,Bangalore,78,5,12,Cod,3.0,390,Fast,November,Friday,29,False,Medium
Blinkit,2024-11-30,Paneer,Dairy,Mumbai,151,1,19,Cod,1.0,151,Medium,November,Saturday,30,True,Low
Zepto,2024-12-01,Coke,Beverages,Delhi,186,5,9,Card,5.0,930,Fast,December,Sunday,1,True,High
Blinkit,2024-12-02,Biscuits,Bakery,Hyderabad,158,4,13,Cod,2.0,632,Fast,December,Monday,2,False,Low
Zepto,2024-12-03,Atta,Grains,Mumbai,59,4,17,Cod,3.0,236,Medium,December,Tuesday,3,False,Medium
Blinkit,2024-12-04,Rice,Grains,Bangalore,57,4,12,Card,1.0,228,Fast,December,Wednesday,4,False,Low
Blinkit,2024-12-05,Rice,Grains,Bangalore,237,2,25,Card,3.0,474,Slow,December,Thursday,5,False,Medium
Blinkit,2024-12-06,Snacks,Snacks,Mumbai,221,5,13,Card,5.0,1105,Fast,December,Friday,6,False,High
Zepto,2024-12-07,Milk,Dairy,Delhi,64,2,17,Cod,1.0,128,Medium,December,Saturday,7,True,Low
Blinkit,2024-12-08,Coke,Beverages,Chennai,110,3,21,Cod,1.0,330,Slow,December,Sunday,8,True,Low
Zepto,2024-12-09,Biscuits,Bakery,Delhi,134,5,11,Card,2.0,670,Fast,December,Monday,9,False,Low
Blinkit,2024-12-10,Atta,Grains,Chennai,180,4,17,Upi,4.0,720,Medium,December,Tuesday,10,False,High
Zepto,2024-12-11,Coke,Beverages,Mumbai,159,2,13,Upi,5.0,318,Fast,December,Wednesday,11,False,High
Blinkit,2024-12-12,Butter,Dairy,Bangalore,135,4,10,Upi,3.0,540,Fast,December,Thursday,12,False,Medium
Blinkit,2024-12-13,Butter,Dairy,Bangalore,75,5,18,Cod,1.0,375,Medium,December,Friday,13,False,Low
Blinkit,2024-12-14,Biscuits,Bakery,Chennai,94,2,18,Card,3.0,188,Medium,December,Saturday,14,True,Medium
Blinkit,2024-12-15,Atta,Grains,Mumbai,101,4,10,Card,2.0,404,Fast,December,Sunday,15,True,Low
Blinkit,2024-12-16,Milk,Dairy,Delhi,30,2,24,Upi,1.0,60,Slow,December,Monday,16,False,Low
Blinkit,2024-12-17,Milk,Dairy,Mumbai,81,1,22,Card,3.0,81,Slow,December,Tuesday,17,False,Medium
Zepto,2024-12-18,Coke,Beverages,Delhi,53,4,14,Upi,3.0,212,Fast,December,Wednesday,18,False,Medium
Zepto,2024-12-19,Coke,Beverages,Delhi,73,4,19,Cod,3.0,292,Medium,December,Thursday,19,False,Medium
Blinkit,2024-12-20,Milk,Dairy,Bangalore,246,5,16,Upi,4.0,1230,Medium,December,Friday,20,False,High
Blinkit,2024-12-21,Bread,Bakery,Hyderabad,193,3,20,Cod,4.0,579,Medium,December,Saturday,21,True,High
Zepto,2024-12-22,Milk,Dairy,Mumbai,133,1,18,Upi,2.0,133,Medium,December,Sunday,22,True,Low
Blinkit,2024-12-23,Eggs,Poultry,Mumbai,206,3,10,Card,4.0,618,Fast,December,Monday,23,False,High
Zepto,2024-12-24,Atta,Grains,Hyderabad,67,1,12,Card,2.0,67,Fast,December,Tuesday,24,False,Low
Zepto,2024-12-25,Coke,Beverages,Hyderabad,116,2,18,Upi,5.0,232,Medium,December,Wednesday,25,False,High
Blinkit,2024-12-26,Butter,Dairy,Chennai,158,2,22,Card,3.0,316,Slow,December,Thursday,26,False,Medium
Blinkit,2024-12-27,Eggs,Poultry,Hyderabad,41,3,17,Upi,5.0,123,Medium,December,Friday,27,False,High
Zepto,2024-12-28,Bread,Bakery,Bangalore,249,1,16,Upi,5.0,249,Medium,December,Saturday,28,True,High
Zepto,2024-12-29,Biscuits,Bakery,Hyderabad,164,2,16,Card,3.0,328,Medium,December,Sunday,29,True,Medium
Zepto,2024-12-30,Rice,Grains,Hyderabad,120,1,18,Cod,3.0,120,Medium,December,Monday,30,False,Medium
Zepto,2024-12-31,Paneer,Dairy,Mumbai,84,5,14,Cod,3.0,420,Fast,December,Tuesday,31,False,Medium
Blinkit,2025-01-01,Paneer,Dairy,Mumbai,49,5,11,Card,3.0,245,Fast,January,Wednesday,1,False,Medium
Blinkit,2025-01-02,Milk,Dairy,Mumbai,249,3,16,Upi,2.0,747,Medium,January,Thursday,2,False,Low
Zepto,2025-01-03,Biscuits,Bakery,Delhi,161,4,12,Upi,2.0,644,Fast,January,Friday,3,False,Low
Zepto,2025-01-04,Juice,Beverages,Hyderabad,124,1,18,Upi,5.0,124,Medium,January,Saturday,4,True,High
Blinkit,2025-01-05,Rice,Grains,Hyderabad,64,4,20,Card,3.0,256,Medium,January,Sunday,5,True,Medium
Zepto,2025-01-06,Atta,Grains,Chennai,163,3,10,Card,3.0,489,Fast,January,Monday,6,False,Medium
Zepto,2025-01-07,Eggs,Poultry,Mumbai,154,2,10,Card,3.0,308,Fast,January,Tuesday,7,False,Medium
Blinkit,2025-01-08,Bread,Bakery,Mumbai,166,2,10,Cod,3.0,332,Fast,January,Wednesday,8,False,Medium
Blinkit,2025-01-09,Rice,Grains,Mumbai,76,3,14,Card,3.0,228,Fast,January,Thursday,9,False,Medium
Zepto,2025-01-10,Rice,Grains,Mumbai,240,1,16,Upi,2.0,240,Medium,January,Friday,10,False,Low
Zepto,2025-01-11,Milk,Dairy,Hyderabad,195,5,12,Cod,3.0,975,Fast,January,Saturday,11,True,Medium
Blinkit,2025-01-12,Milk,Dairy,Bangalore,178,3,10,Cod,3.0,534,Fast,January,Sunday,12,True,Medium
Zepto,2025-01-13,Milk,Dairy,Mumbai,51,2,20,Card,3.0,102,Medium,January,Monday,13,False,Medium
Blinkit,2025-01-14,Milk,Dairy,Chennai,153,4,10,Cod,3.0,612,Fast,January,Tuesday,14,False,Medium
Zepto,2025-01-15,Snacks,Snacks,Bangalore,190,1,16,Upi,3.0,190,Medium,January,Wednesday,15,False,Medium
Blinkit,2025-01-16,Biscuits,Bakery,Hyderabad,166,1,20,Card,2.0,166,Medium,January,Thursday,16,False,Low
Zepto,2025-01-17,Snacks,Snacks,Delhi,173,5,10,Card,2.0,865,Fast,January,Friday,17,False,Low
Blinkit,2025-01-18,Butter,Dairy,Mumbai,157,5,18,Upi,4.0,785,Medium,January,Saturday,18,True,High
Zepto,2025-01-19,Paneer,Dairy,Bangalore,192,5,18,Card,4.0,960,Medium,January,Sunday,19,True,High
Zepto,2025-01-20,Atta,Grains,Chennai,246,4,8,Card,5.0,984,Fast,January,Monday,20,False,High
Zepto,2025-01-21,Bread,Bakery,Delhi,126,4,20,Cod,3.0,504,Medium,January,Tuesday,21,False,Medium
Zepto,2025-01-22,Atta,Grains,Delhi,62,1,15,Upi,2.0,62,Medium,January,Wednesday,22,False,Low
Zepto,2025-01-23,Coke,Beverages,Chennai,148,5,17,Cod,2.0,740,Medium,January,Thursday,23,False,Low
Zepto,2025-01-24,Milk,Dairy,Delhi,205,1,10,Upi,5.0,205,Fast,January,Friday,24,False,High
Blinkit,2025-01-25,Butter,Dairy,Chennai,163,3,20,Cod,5.0,489,Medium,January,Saturday,25,True,High
Zepto,2025-01-26,Rice,Grains,Mumbai,54,3,18,Card,3.0,162,Medium,January,Sunday,26,True,Medium
Blinkit,2025-01-27,Rice,Grains,Bangalore,78,2,16,Upi,1.0,156,Medium,January,Monday,27,False,Low
Zepto,2025-01-28,Bread,Bakery,Bangalore,163,4,13,Card,3.0,652,Fast,January,Tuesday,28,False,Medium
Blinkit,2025-01-29,Paneer,Dairy,Chennai,157,2,21,Cod,3.0,314,Slow,January,Wednesday,29,False,Medium
Zepto,2025-01-30,Juice,Beverages,Chennai,76,2,16,Card,1.0,152,Medium,January,Thursday,30,False,Low
Zepto,2025-01-31,Paneer,Dairy,Mumbai,123,1,19,Upi,3.0,123,Medium,January,Friday,31,False,Medium
Blinkit,2025-02-01,Eggs,Poultry,Delhi,42,1,15,Card,1.0,42,Medium,February,Saturday,1,True,Low
Zepto,2025-02-02,Snacks,Snacks,Delhi,95,1,7,Cod,3.0,95,Fast,February,Sunday,2,True,Medium
Zepto,2025-02-03,Paneer,Dairy,Hyderabad,183,3,15,Card,5.0,549,Medium,February,Monday,3,False,High
Blinkit,2025-02-04,Snacks,Snacks,Mumbai,109,4,23,Card,1.0,436,Slow,February,Tuesday,4,False,Low
Blinkit,2025-02-05,Milk,Dairy,Mumbai,242,4,25,Card,5.0,968,Slow,February,Wednesday,5,False,High
Zepto,2025-02-06,Eggs,Poultry,Hyderabad,132,4,14,Cod,3.0,528,Fast,February,Thursday,6,False,Medium
Zepto,2025-02-07,Paneer,Dairy,Delhi,90,3,11,Cod,2.0,270,Fast,February,Friday,7,False,Low
Blinkit,2025-02-08,Snacks,Snacks,Bangalore,164,5,11,Cod,5.0,820,Fast,February,Saturday,8,True,High
Zepto,2025-02-09,Eggs,Poultry,Hyderabad,246,3,7,Cod,4.0,738,Fast,February,Sunday,9,True,High
Blinkit,2025-02-10,Snacks,Snacks,Hyderabad,81,5,16,Upi,4.0,405,Medium,February,Monday,10,False,High
Blinkit,2025-02-11,Bread,Bakery,Delhi,166,4,15,Cod,3.0,664,Medium,February,Tuesday,11,False,Medium
Zepto,2025-02-12,Milk,Dairy,Delhi,248,4,12,Cod,3.0,992,Fast,February,Wednesday,12,False,Medium
Zepto,2025-02-13,Rice,Grains,Bangalore,69,5,10,Cod,1.0,345,Fast,February,Thursday,13,False,Low
Blinkit,2025-02-14,Biscuits,Bakery,Mumbai,193,1,14,Card,4.0,193,Fast,February,Friday,14,False,High
Zepto,2025-02-15,Butter,Dairy,Mumbai,235,5,11,Upi,2.0,1175,Fast,February,Saturday,15,True,Low
Zepto,2025-02-16,Milk,Dairy,Mumbai,43,2,9,Upi,5.0,86,Fast,February,Sunday,16,True,High
Blinkit,2025-02-17,Bread,Bakery,Delhi,141,4,20,Upi,3.0,564,Medium,February,Monday,17,False,Medium
Zepto,2025-02-18,Juice,Beverages,Bangalore,78,5,12,Cod,3.0,390,Fast,February,Tuesday,18,False,Medium
Blinkit,2025-02-19,Paneer,Dairy,Mumbai,151,1,19,Cod,1.0,151,Medium,February,Wednesday,19,False,Low
Zepto,2025-02-20,Coke,Beverages,Delhi,186,5,9,Card,5.0,930,Fast,February,Thursday,20,False,High
Blinkit,2025-02-21,Biscuits,Bakery,Hyderabad,158,4,13,Cod,2.0,632,Fast,February,Friday,21,False,Low
Zepto,2025-02-22,Atta,Grains,Mumbai,59,4,17,Cod,3.0,236,Medium,February,Saturday,22,True,Medium
Blinkit,2025-02-23,Rice,Grains,Bangalore,57,4,12,Card,1.0,228,Fast,February,Sunday,23,True,Low
Blinkit,2025-02-24,Rice,Grains,Bangalore,237,2,25,Card,3.0,474,Slow,February,Monday,24,False,Medium
Blinkit,2025-02-25,Snacks,Snacks,Mumbai,221,5,13,Card,5.0,1105,Fast,February,Tuesday,25,False,High
Zepto,2025-02-26,Milk,Dairy,Delhi,64,2,17,Cod,1.0,128,Medium,February,Wednesday,26,False,Low
Blinkit,2025-02-27,Coke,Beverages,Chennai,110,3,21,Cod,1.0,330,Slow,February,Thursday,27,False,Low
Zepto,2025-02-28,Biscuits,Bakery,Delhi,134,5,11,Card,2.0,670,Fast,February,Friday,28,False,Low
Blinkit,2025-03-01,Atta,Grains,Chennai,180,4,17,Upi,4.0,720,Medium,March,Saturday,1,True,High
Zepto,2025-03-02,Coke,Beverages,Mumbai,159,2,13,Upi,5.0,318,Fast,March,Sunday,2,True,High
Blinkit,2025-03-03,Butter,Dairy,Bangalore,135,4,10,Upi,3.0,540,Fast,March,Monday,3,False,Medium
Zepto,2025-03-04,Milk,Dairy,Mumbai,43,2,9,Upi,5.0,86,Fast,March,Tuesday,4,False,High
Blinkit,2025-03-05,Bread,Bakery,Delhi,141,4,20,Upi,3.0,564,Medium,March,Wednesday,5,False,Medium
Zepto,2025-03-06,Juice,Beverages,Bangalore,78,5,12,Cod,3.0,390,Fast,March,Thursday,6,False,Medium
Blinkit,2025-03-07,Paneer,Dairy,Mumbai,151,1,19,Cod,1.0,151,Medium,March,Friday,7,False,Low
Zepto,2025-03-08,Coke,Beverages,Delhi,186,5,9,Card,5.0,930,Fast,March,Saturday,8,True,High
Blinkit,2025-03-09,Biscuits,Bakery,Hyderabad,158,4,13,Cod,2.0,632,Fast,March,Sunday,9,True,Low
Zepto,2025-03-10,Atta,Grains,Mumbai,59,4,17,Cod,3.0,236,Medium,March,Monday,10,False,Medium
Blinkit,2025-03-11,Rice,Grains,Bangalore,57,4,12,Card,1.0,228,Fast,March,Tuesday,11,False,Low
Blinkit,2025-03-12,Rice,Grains,Bangalore,237,2,25,Card,3.0,474,Slow,March,Wednesday,12,False,Medium
Blinkit,2025-03-13,Snacks,Snacks,Mumbai,221,5,13,Card,5.0,1105,Fast,March,Thursday,13,False,High
Zepto,2025-03-14,Milk,Dairy,Delhi,64,2,17,Cod,1.0,128,Medium,March,Friday,14,False,Low
Blinkit,2025-03-15,Coke,Beverages,Chennai,110,3,21,Cod,1.0,330,Slow,March,Saturday,15,True,Low
Zepto,2025-03-16,Biscuits,Bakery,Delhi,134,5,11,Card,2.0,670,Fast,March,Sunday,16,True,Low
Blinkit,2025-03-17,Atta,Grains,Chennai,180,4,17,Upi,4.0,720,Medium,March,Monday,17,False,High
Zepto,2025-03-18,Coke,Beverages,Mumbai,159,2,13,Upi,5.0,318,Fast,March,Tuesday,18,False,High
Blinkit,2025-03-19,Butter,Dairy,Bangalore,135,4,10,Upi,3.0,540,Fast,March,Wednesday,19,False,Medium
Blinkit,2025-03-20,Butter,Dairy,Bangalore,75,5,18,Cod,1.0,375,Medium,March,Thursday,20,False,Low
Blinkit,2025-03-21,Biscuits,Bakery,Chennai,94,2,18,Card,3.0,188,Medium,March,Friday,21,False,Medium
Blinkit,2025-03-22,Atta,Grains,Mumbai,101,4,10,Card,2.0,404,Fast,March,Saturday,22,True,Low
Blinkit,2025-03-23,Milk,Dairy,Delhi,30,2,24,Upi,1.0,60,Slow,March,Sunday,23,True,Low
Blinkit,2025-03-24,Milk,Dairy,Mumbai,81,1,22,Card,3.0,81,Slow,March,Monday,24,False,Medium
Zepto,2025-03-25,Coke,Beverages,Delhi,53,4,14,Upi,3.0,212,Fast,March,Tuesday,25,False,Medium
Zepto,2025-03-26,Coke,Beverages,Delhi,73,4,19,Cod,3.0,292,Medium,March,Wednesday,26,False,Medium
Blinkit,2025-03-27,Milk,Dairy,Bangalore,246,5,16,Upi,4.0,1230,Medium,March,Thursday,27,False,High
Blinkit,2025-03-28,Bread,Bakery,Hyderabad,193,3,20,Cod,4.0,579,Medium,March,Friday,28,False,High
Zepto,2025-03-29,Milk,Dairy,Mumbai,133,1,18,Upi,2.0,133,Medium,March,Saturday,29,True,Low
Blinkit,2025-03-30,Eggs,Poultry,Mumbai,206,3,10,Card,4.0,618,Fast,March,Sunday,30,True,High
Zepto,2025-03-31,Atta,Grains,Hyderabad,67,1,12,Card,2.0,67,Fast,March,Monday,31,False,Low
Zepto,2025-02-19,Coke,Beverages,Hyderabad,116,2,18,Upi,5.0,232,Medium,February,Wednesday,19,False,High
Blinkit,2025-02-20,Butter,Dairy,Chennai,158,2,22,Card,3.0,316,Slow,February,Thursday,20,False,Medium
Blinkit,2025-02-21,Eggs,Poultry,Hyderabad,41,3,17,Upi,5.0,123,Medium,February,Friday,21,False,High
Zepto,2025-02-22,Bread,Bakery,Bangalore,249,1,16,Upi,5.0,249,Medium,February,Saturday,22,True,High
Zepto,2025-02-23,Biscuits,Bakery,Hyderabad,164,2,16,Card,3.0,328,Medium,February,Sunday,23,True,Medium
Zepto,2025-02-24,Rice,Grains,Hyderabad,120,1,18,Cod,3.0,120,Medium,February,Monday,24,False,Medium
Zepto,2025-02-25,Paneer,Dairy,Mumbai,84,5,14,Cod,3.0,420,Fast,February,Tuesday,25,False,Medium
Blinkit,2025-02-26,Paneer,Dairy,Mumbai,49,5,11,Card,3.0,245,Fast,February,Wednesday,26,False,Medium
Blinkit,2025-02-27,Milk,Dairy,Mumbai,249,3,16,Upi,2.0,747,Medium,February,Thursday,27,False,Low
Zepto,2025-02-28,Biscuits,Bakery,Delhi,161,4,12,Upi,2.0,644,Fast,February,Friday,28,False,Low
Zepto,2025-03-01,Juice,Beverages,Hyderabad,124,1,18,Upi,5.0,124,Medium,March,Saturday,1,True,High
Blinkit,2025-03-02,Rice,Grains,Hyderabad,64,4,20,Card,3.0,256,Medium,March,Sunday,2,True,Medium
Zepto,2025-03-03,Atta,Grains,Chennai,163,3,10,Card,3.0,489,Fast,March,Monday,3,False,Medium
Zepto,2025-03-04,Eggs,Poultry,Mumbai,154,2,10,Card,3.0,308,Fast,March,Tuesday,4,False,Medium
Blinkit,2025-03-05,Bread,Bakery,Mumbai,166,2,10,Cod,3.0,332,Fast,March,Wednesday,5,False,Medium
Blinkit,2025-03-06,Rice,Grains,Mumbai,76,3,14,Card,3.0,228,Fast,March,Thursday,6,False,Medium
Zepto,2025-01-29,Rice,Grains,Mumbai,240,1,16,Upi,2.0,240,Medium,January,Wednesday,29,False,Low
Zepto,2025-01-30,Atta,Grains,Mumbai,208,5,17,Cod,4.0,1040,Medium,January,Thursday,30,False,High
Blinkit,2025-01-31,Juice,Beverages,Hyderabad,117,1,21,Upi,4.0,117,Slow,January,Friday,31,False,High
Blinkit,2025-02-01,Eggs,Poultry,Bangalore,137,4,11,Cod,2.0,548,Fast,February,Saturday,1,True,Low
Zepto,2025-02-02,Juice,Beverages,Hyderabad,93,1,12,Card,1.0,93,Fast,February,Sunday,2,True,Low
Blinkit,2025-02-03,Biscuits,Bakery,Delhi,160,4,15,Cod,3.0,640,Medium,February,Monday,3,False,Medium
Blinkit,2025-02-04,Snacks,Snacks,Chennai,199,4,13,Upi,1.0,796,Fast,February,Tuesday,4,False,Low
Blinkit,2025-02-05,Bread,Bakery,Mumbai,168,1,23,Upi,5.0,168,Slow,February,Wednesday,5,False,High
Blinkit,2025-02-06,Butter,Dairy,Mumbai,87,1,11,Card,1.0,87,Fast,February,Thursday,6,False,Low
Blinkit,2025-02-07,Eggs,Poultry,Chennai,156,5,14,Upi,4.0,780,Fast,February,Friday,7,False,High
Zepto,2025-02-08,Snacks,Snacks,Bangalore,232,2,15,Upi,5.0,464,Medium,February,Saturday,8,True,High
Blinkit,2025-02-09,Eggs,Poultry,Bangalore,151,1,19,Cod,3.0,151,Medium,February,Sunday,9,True,Medium
Zepto,2025-02-10,Paneer,Dairy,Delhi,110,3,17,Card,2.0,330,Medium,February,Monday,10,False,Low
Blinkit,2025-02-11,Rice,Grains,Bangalore,100,5,23,Card,3.0,500,Slow,February,Tuesday,11,False,Medium
Zepto,2025-02-12,Paneer,Dairy,Mumbai,227,5,13,Card,3.0,1135,Fast,February,Wednesday,12,False,Medium
Blinkit,2025-02-13,Milk,Dairy,Mumbai,154,2,15,Upi,1.0,308,Medium,February,Thursday,13,False,Low
Zepto,2024-12-10,Bread,Bakery,Chennai,83,2,18,Upi,1.0,166,Medium,December,Tuesday,10,False,Low
Zepto,2024-12-11,Atta,Grains,Mumbai,45,2,11,Cod,5.0,90,Fast,December,Wednesday,11,False,High
Blinkit,2024-12-12,Atta,Grains,Delhi,216,1,13,Upi,4.0,216,Fast,December,Thursday,12,False,High
Blinkit,2024-12-13,Bread,Bakery,Delhi,199,4,12,Upi,2.0,796,Fast,December,Friday,13,False,Low
Blinkit,2024-12-14,Paneer,Dairy,Hyderabad,192,5,17,Card,5.0,960,Medium,December,Saturday,14,True,High
Blinkit,2024-12-15,Coke,Beverages,Delhi,198,1,17,Upi,4.0,198,Medium,December,Sunday,15,True,High
Blinkit,2024-12-16,Biscuits,Bakery,Chennai,198,1,22,Upi,3.0,198,Slow,December,Monday,16,False,Medium
Blinkit,2024-12-17,Milk,Dairy,Chennai,248,5,12,Upi,1.0,1240,Fast,December,Tuesday,17,False,Low
Blinkit,2024-12-18,Biscuits,Bakery,Delhi,198,3,10,Card,3.0,594,Fast,December,Wednesday,18,False,Medium
Zepto,2024-12-19,Coke,Beverages,Hyderabad,112,2,18,Card,2.0,224,Medium,December,Thursday,19,False,Low
Zepto,2024-12-20,Milk,Dairy,Hyderabad,39,2,12,Cod,5.0,78,Fast,December,Friday,20,False,High
Blinkit,2024-12-21,Rice,Grains,Mumbai,187,1,12,Upi,2.0,187,Fast,December,Saturday,21,True,Low
Zepto,2024-12-22,Snacks,Snacks,Mumbai,182,4,17,Cod,3.0,728,Medium,December,Sunday,22,True,Medium
Zepto,2024-12-23,Eggs,Poultry,Bangalore,31,2,18,Cod,5.0,62,Medium,December,Monday,23,False,High
Zepto,2024-12-24,Milk,Dairy,Chennai,236,3,19,Upi,3.0,708,Medium,December,Tuesday,24,False,Medium
Zepto,2024-12-25,Rice,Grains,Delhi,129,5,8,Card,3.0,645,Fast,December,Wednesday,25,False,Medium
Zepto,2024-12-26,Snacks,Snacks,Bangalore,186,5,7,Upi,3.0,930,Fast,December,Thursday,26,False,Medium
Blinkit,2024-12-27,Juice,Beverages,Bangalore,226,5,13,Card,3.0,1130,Fast,December,Friday,27,False,Medium
Zepto,2024-12-28,Juice,Beverages,Mumbai,46,3,19,Cod,4.0,138,Medium,December,Saturday,28,True,High
Blinkit,2024-12-29,Juice,Beverages,Hyderabad,224,4,23,Cod,3.0,896,Slow,December,Sunday,29,True,Medium
Blinkit,2024-12-30,Milk,Dairy,Chennai,200,3,13,Upi,2.0,600,Fast,December,Monday,30,False,Low
Zepto,2024-08-11,Snacks,Snacks,Chennai,155,5,17,Upi,2.0,775,Medium,August,Sunday,11,True,Low
Blinkit,2024-08-12,Biscuits,Bakery,Hyderabad,194,3,18,Cod,3.0,582,Medium,August,Monday,12,False,Medium
Zepto,2024-08-13,Snacks,Snacks,Delhi,204,1,8,Cod,5.0,204,Fast,August,Tuesday,13,False,High
Blinkit,2024-08-14,Eggs,Poultry,Hyderabad,41,3,17,Upi,5.0,123,Medium,August,Wednesday,14,False,High
Zepto,2024-08-15,Bread,Bakery,Bangalore,249,1,16,Upi,5.0,249,Medium,August,Thursday,15,False,High
Zepto,2024-08-16,Biscuits,Bakery,Hyderabad,164,2,16,Card,3.0,328,Medium,August,Friday,16,False,Medium
Zepto,2024-08-17,Rice,Grains,Hyderabad,120,1,18,Cod,3.0,120,Medium,August,Saturday,17,True,Medium
Zepto,2024-08-18,Paneer,Dairy,Mumbai,84,5,14,Cod,3.0,420,Fast,August,Sunday,18,True,Medium
Blinkit,2024-08-19,Paneer,Dairy,Mumbai,49,5,11,Card,3.0,245,Fast,August,Monday,19,False,Medium
Blinkit,2024-08-20,Milk,Dairy,Mumbai,249,3,16,Upi,2.0,747,Medium,August,Tuesday,20,False,Low
Zepto,2024-08-21,Biscuits,Bakery,Delhi,161,4,12,Upi,2.0,644,Fast,August,Wednesday,21,False,Low
Zepto,2024-08-22,Juice,Beverages,Hyderabad,124,1,18,Upi,5.0,124,Medium,August,Thursday,22,False,High
Blinkit,2024-08-23,Rice,Grains,Hyderabad,64,4,20,Card,3.0,256,Medium,August,Friday,23,False,Medium
Zepto,2024-08-24,Atta,Grains,Chennai,163,3,10,Card,3.0,489,Fast,August,Saturday,24,True,Medium
Zepto,2024-08-25,Eggs,Poultry,Mumbai,154,2,10,Card,3.0,308,Fast,August,Sunday,25,True,Medium
Blinkit,2024-08-26,Bread,Bakery,Mumbai,166,2,10,Cod,3.0,332,Fast,August,Monday,26,False,Medium
Blinkit,2024-08-27,Rice,Grains,Mumbai,76,3,14,Card,3.0,228,Fast,August,Tuesday,27,False,Medium
Zepto,2024-08-28,Rice,Grains,Mumbai,240,1,16,Upi,2.0,240,Medium,August,Wednesday,28,False,Low
Zepto,2024-08-29,Atta,Grains,Mumbai,208,5,17,Cod,4.0,1040,Medium,August,Thursday,29,False,High
Blinkit,2024-08-30,Juice,Beverages,Hyderabad,117,1,21,Upi,4.0,117,Slow,August,Friday,30,False,High
Blinkit,2024-08-31,Eggs,Poultry,Bangalore,137,4,11,Cod,2.0,548,Fast,August,Saturday,31,True,Low
Zepto,2024-09-01,Juice,Beverages,Hyderabad,93,1,12,Card,1.0,93,Fast,September,Sunday,1,True,Low
Blinkit,2024-09-02,Biscuits,Bakery,Delhi,160,4,15,Cod,3.0,640,Medium,September,Monday,2,False,Medium
Blinkit,2024-09-03,Snacks,Snacks,Chennai,199,4,13,Upi,1.0,796,Fast,September,Tuesday,3,False,Low
Blinkit,2024-09-04,Bread,Bakery,Mumbai,168,1,23,Upi,5.0,168,Slow,September,Wednesday,4,False,High
Blinkit,2024-09-05,Butter,Dairy,Mumbai,87,1,11,Card,1.0,87,Fast,September,Thursday,5,False,Low
Blinkit,2024-09-06,Eggs,Poultry,Chennai,156,5,14,Upi,4.0,780,Fast,September,Friday,6,False,High
Zepto,2024-09-07,Snacks,Snacks,Bangalore,232,2,15,Upi,5.0,464,Medium,September,Saturday,7,True,High
Blinkit,2024-09-08,Eggs,Poultry,Bangalore,151,1,19,Cod,3.0,151,Medium,September,Sunday,8,True,Medium
Zepto,2024-09-09,Paneer,Dairy,Delhi,110,3,17,Card,2.0,330,Medium,September,Monday,9,False,Low
Blinkit,2024-09-10,Rice,Grains,Bangalore,100,5,23,Card,3.0,500,Slow,September,Tuesday,10,False,Medium
Zepto,2024-09-11,Paneer,Dairy,Mumbai,227,5,13,Card,3.0,1135,Fast,September,Wednesday,11,False,Medium
Blinkit,2024-09-12,Milk,Dairy,Mumbai,154,2,15,Upi,1.0,308,Medium,September,Thursday,12,False,Low
Zepto,2024-09-13,Bread,Bakery,Chennai,83,2,18,Upi,1.0,166,Medium,September,Friday,13,False,Low
Zepto,2024-05-31,Atta,Grains,Mumbai,45,2,11,Cod,5.0,90,Fast,May,Friday,31,False,High
Blinkit,2024-06-01,Atta,Grains,Delhi,216,1,13,Upi,4.0,216,Fast,June,Saturday,1,True,High
Blinkit,2024-06-02,Bread,Bakery,Delhi,199,4,12,Upi,2.0,796,Fast,June,Sunday,2,True,Low
Blinkit,2024-06-03,Paneer,Dairy,Hyderabad,192,5,17,Card,5.0,960,Medium,June,Monday,3,False,High
Blinkit,2024-06-04,Coke,Beverages,Delhi,198,1,17,Upi,4.0,198,Medium,June,Tuesday,4,False,High
Blinkit,2024-06-05,Biscuits,Bakery,Chennai,198,1,22,Upi,3.0,198,Slow,June,Wednesday,5,False,Medium
Blinkit,2024-06-06,Milk,Dairy,Chennai,248,5,12,Upi,1.0,1240,Fast,June,Thursday,6,False,Low
Blinkit,2024-06-07,Biscuits,Bakery,Delhi,198,3,10,Card,3.0,594,Fast,June,Friday,7,False,Medium
Zepto,2024-06-08,Coke,Beverages,Hyderabad,112,2,18,Card,2.0,224,Medium,June,Saturday,8,True,Low
Zepto,2024-06-09,Milk,Dairy,Hyderabad,39,2,12,Cod,5.0,78,Fast,June,Sunday,9,True,High
Blinkit,2024-06-10,Rice,Grains,Mumbai,187,1,12,Upi,2.0,187,Fast,June,Monday,10,False,Low
Zepto,2024-06-11,Snacks,Snacks,Mumbai,182,4,17,Cod,3.0,728,Medium,June,Tuesday,11,False,Medium
Zepto,2024-06-12,Eggs,Poultry,Bangalore,31,2,18,Cod,5.0,62,Medium,June,Wednesday,12,False,High
Zepto,2024-06-13,Milk,Dairy,Chennai,236,3,19,Upi,3.0,708,Medium,June,Thursday,13,False,Medium
Zepto,2024-06-14,Rice,Grains,Delhi,129,5,8,Card,3.0,645,Fast,June,Friday,14,False,Medium
Zepto,2024-06-15,Snacks,Snacks,Bangalore,186,5,7,Upi,3.0,930,Fast,June,Saturday,15,True,Medium
Blinkit,2024-06-16,Juice,Beverages,Bangalore,226,5,13,Card,3.0,1130,Fast,June,Sunday,16,True,Medium
Zepto,2024-06-17,Juice,Beverages,Mumbai,46,3,19,Cod,4.0,138,Medium,June,Monday,17,False,High
Blinkit,2024-06-18,Juice,Beverages,Hyderabad,224,4,23,Cod,3.0,896,Slow,June,Tuesday,18,False,Medium
Blinkit,2024-06-19,Milk,Dairy,Chennai,200,3,13,Upi,2.0,600,Fast,June,Wednesday,19,False,Low
Zepto,2024-06-20,Snacks,Snacks,Chennai,155,5,17,Upi,2.0,775,Medium,June,Thursday,20,False,Low
Blinkit,2024-06-21,Biscuits,Bakery,Hyderabad,194,3,18,Cod,3.0,582,Medium,June,Friday,21,False,Medium
Zepto,2024-06-22,Snacks,Snacks,Delhi,204,1,8,Cod,5.0,204,Fast,June,Saturday,22,True,High
Zepto,2024-06-23,Snacks,Snacks,Chennai,100,3,8,Cod,3.0,300,Fast,June,Sunday,23,True,Medium
Blinkit,2024-06-24,Snacks,Snacks,Delhi,249,1,18,Card,5.0,249,Medium,June,Monday,24,False,High
Zepto,2024-06-25,Bread,Bakery,Mumbai,129,4,10,Upi,3.0,516,Fast,June,Tuesday,25,False,Medium
Zepto,2024-06-26,Eggs,Poultry,Chennai,85,3,14,Upi,1.0,255,Fast,June,Wednesday,26,False,Low
Blinkit,2024-06-27,Milk,Dairy,Delhi,35,1,11,Card,4.0,35,Fast,June,Thursday,27,False,High
Blinkit,2024-06-28,Juice,Beverages,Chennai,223,4,21,Card,3.0,892,Slow,June,Friday,28,False,Medium
Blinkit,2024-06-29,Paneer,Dairy,Bangalore,136,2,11,Upi,4.0,272,Fast,June,Saturday,29,True,High
Zepto,2024-06-30,Coke,Beverages,Mumbai,119,4,14,Upi,1.0,476,Fast,June,Sunday,30,True,Low
Zepto,2024-07-01,Coke,Beverages,Delhi,44,4,15,Upi,3.0,176,Medium,July,Monday,1,False,Medium
Zepto,2024-07-02,Coke,Beverages,Hyderabad,230,1,14,Cod,4.0,230,Fast,July,Tuesday,2,False,High
Blinkit,2024-07-03,Paneer,Dairy,Delhi,35,2,19,Cod,3.0,70,Medium,July,Wednesday,3,False,Medium
Blinkit,2024-07-04,Snacks,Snacks,Chennai,228,1,21,Cod,2.0,228,Slow,July,Thursday,4,False,Low
Zepto,2024-07-05,Eggs,Poultry,Bangalore,100,5,14,Cod,2.0,500,Fast,July,Friday,5,False,Low
Blinkit,2024-07-06,Biscuits,Bakery,Mumbai,47,3,21,Cod,3.0,141,Slow,July,Saturday,6,True,Medium
Blinkit,2024-07-07,Biscuits,Bakery,Bangalore,194,2,16,Card,3.0,388,Medium,July,Sunday,7,True,Medium
Zepto,2024-04-01,Atta,Grains,Mumbai,215,1,8,Card,1.0,215,Fast,April,Monday,1,False,Low
Zepto,2024-04-02,Butter,Dairy,Mumbai,156,4,17,Cod,3.0,624,Medium,April,Tuesday,2,False,Medium
Zepto,2024-04-03,Eggs,Poultry,Delhi,42,5,14,Cod,5.0,210,Fast,April,Wednesday,3,False,High
Zepto,2024-04-04,Milk,Dairy,Delhi,132,5,16,Cod,3.0,660,Medium,April,Thursday,4,False,Medium
Blinkit,2024-04-05,Coke,Beverages,Mumbai,102,4,16,Upi,4.0,408,Medium,April,Friday,5,False,High
Zepto,2024-04-06,Paneer,Dairy,Mumbai,48,3,14,Upi,2.0,144,Fast,April,Saturday,6,True,Low
Blinkit,2024-04-07,Bread,Bakery,Chennai,229,3,12,Upi,5.0,687,Fast,April,Sunday,7,True,High
Blinkit,2024-04-08,Biscuits,Bakery,Delhi,52,2,25,Cod,5.0,104,Slow,April,Monday,8,False,High
Zepto,2024-04-09,Atta,Grains,Mumbai,112,1,18,Upi,3.0,112,Medium,April,Tuesday,9,False,Medium
Blinkit,2024-04-10,Butter,Dairy,Delhi,59,4,14,Cod,2.0,236,Fast,April,Wednesday,10,False,Low
Zepto,2024-04-11,Atta,Grains,Hyderabad,162,2,10,Upi,3.0,324,Fast,April,Thursday,11,False,Medium
Blinkit,2024-04-12,Atta,Grains,Chennai,184,3,18,Cod,1.0,552,Medium,April,Friday,12,False,Low
Zepto,2024-04-13,Bread,Bakery,Mumbai,113,4,11,Cod,3.0,452,Fast,April,Saturday,13,True,Medium
Blinkit,2024-04-14,Paneer,Dairy,Chennai,158,4,12,Upi,3.0,632,Fast,April,Sunday,14,True,Medium
Blinkit,2024-04-15,Eggs,Poultry,Bangalore,189,5,22,Upi,4.0,945,Slow,April,Monday,15,False,High
Zepto,2024-04-16,Juice,Beverages,Chennai,98,5,19,Cod,3.0,490,Medium,April,Tuesday,16,False,Medium
Blinkit,2024-04-17,Paneer,Dairy,Delhi,162,2,13,Card,4.0,324,Fast,April,Wednesday,17,False,High
Zepto,2024-04-18,Paneer,Dairy,Chennai,56,1,20,Cod,4.0,56,Medium,April,Thursday,18,False,High
Blinkit,2024-04-19,Paneer,Dairy,Mumbai,197,3,22,Cod,2.0,591,Slow,April,Friday,19,False,Low
Blinkit,2024-04-20,Snacks,Snacks,Hyderabad,38,4,12,Upi,3.0,152,Fast,April,Saturday,20,True,Medium
Zepto,2024-04-21,Bread,Bakery,Bangalore,91,2,10,Cod,2.0,182,Fast,April,Sunday,21,True,Low
Blinkit,2024-04-22,Paneer,Dairy,Chennai,245,4,19,Cod,3.0,980,Medium,April,Monday,22,False,Medium
Blinkit,2024-04-23,Biscuits,Bakery,Delhi,68,2,21,Cod,3.0,136,Slow,April,Tuesday,23,False,Medium
Blinkit,2024-04-24,Bread,Bakery,Mumbai,194,1,16,Cod,3.0,194,Medium,April,Wednesday,24,False,Medium
Zepto,2024-04-25,Eggs,Poultry,Delhi,216,1,9,Cod,3.0,216,Fast,April,Thursday,25,False,Medium
Zepto,2024-04-26,Atta,Grains,Bangalore,42,1,17,Upi,4.0,42,Medium,April,Friday,26,False,High
Blinkit,2024-04-27,Rice,Grains,Delhi,215,3,21,Upi,5.0,645,Slow,April,Saturday,27,True,High
Blinkit,2024-04-28,Butter,Dairy,Bangalore,64,3,12,Upi,3.0,192,Fast,April,Sunday,28,True,Medium
Zepto,2024-04-29,Juice,Beverages,Bangalore,42,5,15,Cod,5.0,210,Medium,April,Monday,29,False,High
Zepto,2024-04-30,Rice,Grains,Bangalore,198,3,9,Cod,4.0,594,Fast,April,Tuesday,30,False,High
Zepto,2024-05-01,Juice,Beverages,Hyderabad,129,5,12,Card,4.0,645,Fast,May,Wednesday,1,False,High
Blinkit,2024-05-02,Biscuits,Bakery,Mumbai,216,4,12,Upi,3.0,864,Fast,May,Thursday,2,False,Medium
Blinkit,2024-05-03,Bread,Bakery,Chennai,146,3,18,Upi,1.0,438,Medium,May,Friday,3,False,Low
Zepto,2024-05-04,Coke,Beverages,Hyderabad,90,1,19,Upi,3.0,90,Medium,May,Saturday,4,True,Medium
Blinkit,2024-05-05,Milk,Dairy,Chennai,42,3,20,Cod,4.0,126,Medium,May,Sunday,5,True,High
Zepto,2024-05-06,Atta,Grains,Hyderabad,58,5,16,Upi,3.0,290,Medium,May,Monday,6,False,Medium
Zepto,2024-05-07,Juice,Beverages,Mumbai,139,2,12,Card,4.0,278,Fast,May,Tuesday,7,False,High
Blinkit,2024-05-08,Coke,Beverages,Delhi,250,1,12,Card,3.0,250,Fast,May,Wednesday,8,False,Medium
Blinkit,2024-05-09,Snacks,Snacks,Delhi,137,4,18,Upi,1.0,548,Medium,May,Thursday,9,False,Low
Zepto,2024-05-10,Milk,Dairy,Bangalore,83,2,11,Cod,3.0,166,Fast,May,Friday,10,False,Medium
Zepto,2024-05-11,Eggs,Poultry,Chennai,138,1,13,Upi,4.0,138,Fast,May,Saturday,11,True,High
Blinkit,2024-05-12,Juice,Beverages,Hyderabad,56,4,17,Upi,4.0,224,Medium,May,Sunday,12,True,High
Zepto,2024-05-13,Coke,Beverages,Bangalore,67,5,20,Cod,1.0,335,Medium,May,Monday,13,False,Low
Blinkit,2024-05-14,Biscuits,Bakery,Hyderabad,228,2,23,Card,3.0,456,Slow,May,Tuesday,14,False,Medium
Blinkit,2024-05-15,Atta,Grains,Bangalore,45,5,12,Card,2.0,225,Fast,May,Wednesday,15,False,Low
Blinkit,2024-05-16,Rice,Grains,Hyderabad,203,4,14,Cod,2.0,812,Fast,May,Thursday,16,False,Low
Zepto,2024-05-17,Rice,Grains,Chennai,69,1,13,Upi,2.0,69,Fast,May,Friday,17,False,Low
Zepto,2024-05-18,Rice,Grains,Chennai,97,2,10,Upi,3.0,194,Fast,May,Saturday,18,True,Medium
Zepto,2024-05-19,Eggs,Poultry,Chennai,62,2,9,Cod,1.0,124,Fast,May,Sunday,19,True,Low
Blinkit,2024-05-20,Atta,Grains,Hyderabad,199,1,19,Upi,3.0,199,Medium,May,Monday,20,False,Medium
Zepto,2024-05-21,Paneer,Dairy,Bangalore,81,5,7,Card,1.0,405,Fast,May,Tuesday,21,False,Low
Zepto,2024-05-22,Coke,Beverages,Hyderabad,196,5,13,Upi,1.0,980,Fast,May,Wednesday,22,False,Low
Blinkit,2024-05-23,Paneer,Dairy,Hyderabad,179,4,11,Card,1.0,716,Fast,May,Thursday,23,False,Low
Blinkit,2024-05-24,Paneer,Dairy,Mumbai,93,3,21,Upi,5.0,279,Slow,May,Friday,24,False,High
Blinkit,2024-05-25,Paneer,Dairy,Bangalore,37,5,25,Cod,5.0,185,Slow,May,Saturday,25,True,High
Blinkit,2024-05-26,Butter,Dairy,Delhi,43,2,13,Cod,1.0,86,Fast,May,Sunday,26,True,Low
Zepto,2024-05-27,Snacks,Snacks,Mumbai,219,3,15,Card,2.0,657,Medium,May,Monday,27,False,Low
Blinkit,2024-05-28,Biscuits,Bakery,Mumbai,217,2,12,Cod,1.0,434,Fast,May,Tuesday,28,False,Low
Blinkit,2024-05-29,Juice,Beverages,Delhi,63,5,17,Cod,5.0,315,Medium,May,Wednesday,29,False,High
Zepto,2024-05-30,Butter,Dairy,Chennai,46,2,11,Card,5.0,92,Fast,May,Thursday,30,False,High
Blinkit,2024-05-31,Butter,Dairy,Delhi,62,4,14,Card,3.0,248,Fast,May,Friday,31,False,Medium
Blinkit,2024-06-01,Eggs,Poultry,Hyderabad,123,1,10,Cod,5.0,123,Fast,June,Saturday,1,True,High
Zepto,2024-06-02,Juice,Beverages,Mumbai,54,1,13,Card,4.0,54,Fast,June,Sunday,2,True,High
Blinkit,2024-06-03,Bread,Bakery,Bangalore,85,2,12,Cod,5.0,170,Fast,June,Monday,3,False,High
Zepto,2024-06-04,Eggs,Poultry,Bangalore,125,4,16,Upi,2.0,500,Medium,June,Tuesday,4,False,Low
Blinkit,2024-06-05,Paneer,Dairy,Hyderabad,229,2,12,Upi,3.0,458,Fast,June,Wednesday,5,False,Medium
Blinkit,2024-06-06,Milk,Dairy,Chennai,70,2,14,Card,5.0,140,Fast,June,Thursday,6,False,High
Blinkit,2024-06-07,Milk,Dairy,Chennai,141,4,10,Card,5.0,564,Fast,June,Friday,7,False,High
Blinkit,2024-06-08,Biscuits,Bakery,Delhi,135,4,23,Cod,3.0,540,Slow,June,Saturday,8,True,Medium
Blinkit,2024-06-09,Rice,Grains,Hyderabad,149,3,14,Upi,3.0,447,Fast,June,Sunday,9,True,Medium
Zepto,2024-06-10,Milk,Dairy,Bangalore,58,3,20,Cod,4.0,174,Medium,June,Monday,10,False,High
Blinkit,2024-06-11,Atta,Grains,Chennai,227,1,19,Card,3.0,227,Medium,June,Tuesday,11,False,Medium
Blinkit,2024-06-12,Biscuits,Bakery,Chennai,141,3,12,Cod,4.0,423,Fast,June,Wednesday,12,False,High
Zepto,2024-06-13,Biscuits,Bakery,Hyderabad,81,1,19,Upi,5.0,81,Medium,June,Thursday,13,False,High
Blinkit,2024-06-14,Milk,Dairy,Hyderabad,134,1,24,Card,3.0,134,Slow,June,Friday,14,False,Medium
Blinkit,2024-06-15,Milk,Dairy,Mumbai,69,1,24,Cod,5.0,69,Slow,June,Saturday,15,True,High
Blinkit,2024-06-16,Eggs,Poultry,Delhi,183,1,21,Card,4.0,183,Slow,June,Sunday,16,True,High
Blinkit,2024-06-17,Atta,Grains,Mumbai,84,4,25,Upi,3.0,336,Slow,June,Monday,17,False,Medium
Blinkit,2024-06-18,Butter,Dairy,Bangalore,249,3,14,Card,3.0,747,Fast,June,Tuesday,18,False,Medium
Zepto,2024-06-19,Snacks,Snacks,Chennai,229,5,17,Card,2.0,1145,Medium,June,Wednesday,19,False,Low
Blinkit,2024-06-20,Juice,Beverages,Bangalore,44,4,12,Card,4.0,176,Fast,June,Thursday,20,False,High
Blinkit,2024-06-21,Biscuits,Bakery,Delhi,198,3,10,Card,3.0,594,Fast,June,Friday,21,False,Medium
Zepto,2024-06-22,Coke,Beverages,Hyderabad,112,2,18,Card,2.0,224,Medium,June,Saturday,22,True,Low
Zepto,2024-06-23,Milk,Dairy,Hyderabad,39,2,12,Cod,5.0,78,Fast,June,Sunday,23,True,High
Blinkit,2024-06-24,Rice,Grains,Mumbai,187,1,12,Upi,2.0,187,Fast,June,Monday,24,False,Low
Zepto,2024-06-25,Snacks,Snacks,Mumbai,182,4,17,Cod,3.0,728,Medium,June,Tuesday,25,False,Medium
Zepto,2024-06-26,Eggs,Poultry,Bangalore,31,2,18,Cod,5.0,62,Medium,June,Wednesday,26,False,High
Zepto,2024-06-27,Milk,Dairy,Chennai,236,3,19,Upi,3.0,708,Medium,June,Thursday,27,False,Medium
Zepto,2024-06-28,Rice,Grains,Delhi,129,5,8,Card,3.0,645,Fast,June,Friday,28,False,Medium
Zepto,2024-06-29,Snacks,Snacks,Bangalore,186,5,7,Upi,3.0,930,Fast,June,Saturday,29,True,Medium
Blinkit,2024-06-30,Juice,Beverages,Bangalore,226,5,13,Card,3.0,1130,Fast,June,Sunday,30,True,Medium
Zepto,2024-07-01,Juice,Beverages,Mumbai,46,3,19,Cod,4.0,138,Medium,July,Monday,1,False,High
Blinkit,2024-07-02,Juice,Beverages,Hyderabad,224,4,23,Cod,3.0,896,Slow,July,Tuesday,2,False,Medium
Blinkit,2024-07-03,Milk,Dairy,Chennai,200,3,13,Upi,2.0,600,Fast,July,Wednesday,3,False,Low
Zepto,2024-07-04,Snacks,Snacks,Chennai,155,5,17,Upi,2.0,775,Medium,July,Thursday,4,False,Low
Blinkit,2024-07-05,Biscuits,Bakery,Hyderabad,194,3,18,Cod,3.0,582,Medium,July,Friday,5,False,Medium
Zepto,2024-07-06,Snacks,Snacks,Delhi,204,1,8,Cod,5.0,204,Fast,July,Saturday,6,True,High
Blinkit,2024-07-07,Bread,Bakery,Chennai,150,2,15,Upi,3.0,300,Medium,July,Sunday,7,True,Medium
Zepto,2024-07-08,Snacks,Snacks,Bangalore,97,1,18,Cod,1.0,97,Medium,July,Monday,8,False,Low
Blinkit,2024-07-09,Bread,Bakery,Mumbai,215,1,19,Card,1.0,215,Medium,July,Tuesday,9,False,Low
Blinkit,2024-07-10,Rice,Grains,Chennai,174,1,14,Upi,1.0,174,Fast,July,Wednesday,10,False,Low
Blinkit,2024-07-11,Coke,Beverages,Delhi,143,5,16,Card,2.0,715,Medium,July,Thursday,11,False,Low
Zepto,2024-07-12,Eggs,Poultry,Chennai,124,4,20,Cod,1.0,496,Medium,July,Friday,12,False,Low
Blinkit,2024-07-13,Rice,Grains,Chennai,96,5,15,Upi,3.0,480,Medium,July,Saturday,13,True,Medium
Blinkit,2024-07-14,Paneer,Dairy,Delhi,207,3,17,Cod,3.0,621,Medium,July,Sunday,14,True,Medium
Blinkit,2024-07-15,Biscuits,Bakery,Mumbai,241,1,18,Upi,1.0,241,Medium,July,Monday,15,False,Low
Blinkit,2024-07-16,Butter,Dairy,Hyderabad,213,1,23,Card,1.0,213,Slow,July,Tuesday,16,False,Low
Blinkit,2024-07-17,Biscuits,Bakery,Chennai,218,3,11,Cod,5.0,654,Fast,July,Wednesday,17,False,High
Blinkit,2024-07-18,Juice,Beverages,Delhi,69,5,20,Card,1.0,345,Medium,July,Thursday,18,False,Low
Zepto,2024-07-19,Atta,Grains,Hyderabad,206,1,12,Upi,3.0,206,Fast,July,Friday,19,False,Medium
Blinkit,2024-07-20,Paneer,Dairy,Bangalore,45,1,18,Upi,1.0,45,Medium,July,Saturday,20,True,Low
Zepto,2024-07-21,Milk,Dairy,Chennai,61,2,19,Cod,1.0,122,Medium,July,Sunday,21,True,Low
Blinkit,2024-07-22,Snacks,Snacks,Hyderabad,161,3,22,Upi,3.0,483,Slow,July,Monday,22,False,Medium
Blinkit,2024-07-23,Eggs,Poultry,Chennai,93,2,18,Cod,2.0,186,Medium,July,Tuesday,23,False,Low
Blinkit,2024-07-24,Milk,Dairy,Hyderabad,100,4,25,Cod,4.0,400,Slow,July,Wednesday,24,False,High
Blinkit,2024-07-25,Eggs,Poultry,Hyderabad,154,1,16,Upi,3.0,154,Medium,July,Thursday,25,False,Medium
Zepto,2024-07-26,Coke,Beverages,Delhi,91,5,12,Cod,2.0,455,Fast,July,Friday,26,False,Low
Zepto,2024-04-01,Milk,Dairy,Chennai,44,2,12,Upi,1.0,88,Fast,April,Monday,1,False,Low
Zepto,2024-04-02,Coke,Beverages,Hyderabad,40,3,11,Cod,3.0,120,Fast,April,Tuesday,2,False,Medium
Blinkit,2024-04-03,Butter,Dairy,Mumbai,117,5,22,Card,1.0,585,Slow,April,Wednesday,3,False,Low
Zepto,2024-04-04,Milk,Dairy,Bangalore,151,4,14,Cod,5.0,604,Fast,April,Thursday,4,False,High
Blinkit,2024-04-05,Eggs,Poultry,Mumbai,158,3,16,Upi,3.0,474,Medium,April,Friday,5,False,Medium
Blinkit,2024-04-06,Rice,Grains,Chennai,208,3,18,Cod,3.0,624,Medium,April,Saturday,6,True,Medium
Zepto,2024-04-07,Milk,Dairy,Bangalore,56,1,15,Card,3.0,56,Medium,April,Sunday,7,True,Medium
Zepto,2024-04-08,Snacks,Snacks,Chennai,100,3,8,Cod,3.0,300,Fast,April,Monday,8,False,Medium
Blinkit,2024-04-09,Snacks,Snacks,Delhi,249,1,18,Card,5.0,249,Medium,April,Tuesday,9,False,High
Zepto,2024-04-10,Bread,Bakery,Mumbai,129,4,10,Upi,3.0,516,Fast,April,Wednesday,10,False,Medium
Zepto,2024-04-11,Eggs,Poultry,Chennai,85,3,14,Upi,1.0,255,Fast,April,Thursday,11,False,Low
Blinkit,2024-04-12,Milk,Dairy,Delhi,35,1,11,Card,4.0,35,Fast,April,Friday,12,False,High
Blinkit,2024-04-13,Juice,Beverages,Chennai,223,4,21,Card,3.0,892,Slow,April,Saturday,13,True,Medium
Blinkit,2024-04-14,Paneer,Dairy,Bangalore,136,2,11,Upi,4.0,272,Fast,April,Sunday,14,True,High
Zepto,2024-04-15,Coke,Beverages,Mumbai,119,4,14,Upi,1.0,476,Fast,April,Monday,15,False,Low
Zepto,2024-04-16,Coke,Beverages,Delhi,44,4,15,Upi,3.0,176,Medium,April,Tuesday,16,False,Medium
Zepto,2024-04-17,Coke,Beverages,Hyderabad,230,1,14,Cod,4.0,230,Fast,April,Wednesday,17,False,High
Blinkit,2024-04-18,Paneer,Dairy,Delhi,35,2,19,Cod,3.0,70,Medium,April,Thursday,18,False,Medium
Blinkit,2024-04-19,Snacks,Snacks,Chennai,228,1,21,Cod,2.0,228,Slow,April,Friday,19,False,Low
Zepto,2024-04-20,Eggs,Poultry,Bangalore,100,5,14,Cod,2.0,500,Fast,April,Saturday,20,True,Low
Blinkit,2024-04-21,Biscuits,Bakery,Mumbai,47,3,21,Cod,3.0,141,Slow,April,Sunday,21,True,Medium
Blinkit,2024-04-22,Biscuits,Bakery,Bangalore,194,2,16,Card,3.0,388,Medium,April,Monday,22,False,Medium
Zepto,2024-04-23,Atta,Grains,Mumbai,215,1,8,Card,1.0,215,Fast,April,Tuesday,23,False,Low
Zepto,2024-04-24,Butter,Dairy,Mumbai,156,4,17,Cod,3.0,624,Medium,April,Wednesday,24,False,Medium
Zepto,2024-04-25,Eggs,Poultry,Delhi,42,5,14,Cod,5.0,210,Fast,April,Thursday,25,False,High
Zepto,2024-04-26,Milk,Dairy,Delhi,132,5,16,Cod,3.0,660,Medium,April,Friday,26,False,Medium
Blinkit,2024-04-27,Coke,Beverages,Mumbai,102,4,16,Upi,4.0,408,Medium,April,Saturday,27,True,High
Zepto,2024-04-28,Paneer,Dairy,Mumbai,48,3,14,Upi,2.0,144,Fast,April,Sunday,28,True,Low
Blinkit,2024-04-29,Bread,Bakery,Chennai,229,3,12,Upi,5.0,687,Fast,April,Monday,29,False,High
Blinkit,2024-04-30,Biscuits,Bakery,Delhi,52,2,25,Cod,5.0,104,Slow,April,Tuesday,30,False,High
Zepto,2024-05-01,Atta,Grains,Mumbai,112,1,18,Upi,3.0,112,Medium,May,Wednesday,1,False,Medium
Blinkit,2024-05-02,Butter,Dairy,Delhi,59,4,14,Cod,2.0,236,Fast,May,Thursday,2,False,Low
Zepto,2024-05-03,Atta,Grains,Hyderabad,162,2,10,Upi,3.0,324,Fast,May,Friday,3,False,Medium
Blinkit,2024-05-04,Atta,Grains,Chennai,184,3,18,Cod,1.0,552,Medium,May,Saturday,4,True,Low
Zepto,2024-05-05,Bread,Bakery,Mumbai,113,4,11,Cod,3.0,452,Fast,May,Sunday,5,True,Medium
Blinkit,2024-05-06,Paneer,Dairy,Chennai,158,4,12,Upi,3.0,632,Fast,May,Monday,6,False,Medium
Blinkit,2024-05-07,Eggs,Poultry,Bangalore,189,5,22,Upi,4.0,945,Slow,May,Tuesday,7,False,High
Zepto,2024-05-08,Juice,Beverages,Chennai,98,5,19,Cod,3.0,490,Medium,May,Wednesday,8,False,Medium
Blinkit,2024-05-09,Paneer,Dairy,Delhi,162,2,13,Card,4.0,324,Fast,May,Thursday,9,False,High
Zepto,2024-05-10,Paneer,Dairy,Chennai,56,1,20,Cod,4.0,56,Medium,May,Friday,10,False,High
Blinkit,2024-05-11,Paneer,Dairy,Mumbai,197,3,22,Cod,2.0,591,Slow,May,Saturday,11,True,Low
Blinkit,2024-05-12,Snacks,Snacks,Hyderabad,38,4,12,Upi,3.0,152,Fast,May,Sunday,12,True,Medium
Zepto,2024-05-13,Bread,Bakery,Bangalore,91,2,10,Cod,2.0,182,Fast,May,Monday,13,False,Low
Blinkit,2024-05-14,Paneer,Dairy,Chennai,245,4,19,Cod,3.0,980,Medium,May,Tuesday,14,False,Medium
Blinkit,2024-05-15,Biscuits,Bakery,Delhi,68,2,21,Cod,3.0,136,Slow,May,Wednesday,15,False,Medium
Blinkit,2024-05-16,Bread,Bakery,Mumbai,194,1,16,Cod,3.0,194,Medium,May,Thursday,16,False,Medium
Zepto,2024-05-17,Eggs,Poultry,Delhi,216,1,9,Cod,3.0,216,Fast,May,Friday,17,False,Medium
Zepto,2024-05-18,Atta,Grains,Bangalore,42,1,17,Upi,4.0,42,Medium,May,Saturday,18,True,High
Blinkit,2024-05-19,Rice,Grains,Delhi,215,3,21,Upi,5.0,645,Slow,May,Sunday,19,True,High
Blinkit,2024-05-20,Butter,Dairy,Bangalore,64,3,12,Upi,3.0,192,Fast,May,Monday,20,False,Medium
Zepto,2024-05-21,Juice,Beverages,Bangalore,42,5,15,Cod,5.0,210,Medium,May,Tuesday,21,False,High
Zepto,2024-05-22,Rice,Grains,Bangalore,198,3,9,Cod,4.0,594,Fast,May,Wednesday,22,False,High
Zepto,2024-05-23,Juice,Beverages,Hyderabad,129,5,12,Card,4.0,645,Fast,May,Thursday,23,False,High
Blinkit,2024-05-24,Biscuits,Bakery,Mumbai,216,4,12,Upi,3.0,864,Fast,May,Friday,24,False,Medium
Blinkit,2024-05-25,Bread,Bakery,Chennai,146,3,18,Upi,1.0,438,Medium,May,Saturday,25,True,Low
Zepto,2024-05-26,Coke,Beverages,Hyderabad,90,1,19,Upi,3.0,90,Medium,May,Sunday,26,True,Medium
Blinkit,2024-05-27,Milk,Dairy,Chennai,42,3,20,Cod,4.0,126,Medium,May,Monday,27,False,High
Zepto,2024-05-28,Atta,Grains,Hyderabad,58,5,16,Upi,3.0,290,Medium,May,Tuesday,28,False,Medium
Zepto,2024-05-29,Juice,Beverages,Mumbai,139,2,12,Card,4.0,278,Fast,May,Wednesday,29,False,High
Blinkit,2024-05-30,Coke,Beverages,Delhi,250,1,12,Card,3.0,250,Fast,May,Thursday,30,False,Medium
Blinkit,2024-05-31,Snacks,Snacks,Delhi,137,4,18,Upi,1.0,548,Medium,May,Friday,31,False,Low
Zepto,2024-06-01,Milk,Dairy,Bangalore,83,2,11,Cod,3.0,166,Fast,June,Saturday,1,True,Medium
Zepto,2024-06-02,Eggs,Poultry,Chennai,138,1,13,Upi,4.0,138,Fast,June,Sunday,2,True,High
Blinkit,2024-06-03,Juice,Beverages,Hyderabad,56,4,17,Upi,4.0,224,Medium,June,Monday,3,False,High
Zepto,2024-06-04,Coke,Beverages,Bangalore,67,5,20,Cod,1.0,335,Medium,June,Tuesday,4,False,Low
Blinkit,2024-06-05,Biscuits,Bakery,Hyderabad,228,2,23,Card,3.0,456,Slow,June,Wednesday,5,False,Medium
Blinkit,2024-06-06,Atta,Grains,Bangalore,45,5,12,Card,2.0,225,Fast,June,Thursday,6,False,Low
Blinkit,2024-06-07,Rice,Grains,Hyderabad,203,4,14,Cod,2.0,812,Fast,June,Friday,7,False,Low
Zepto,2024-06-08,Rice,Grains,Chennai,69,1,13,Upi,2.0,69,Fast,June,Saturday,8,True,Low
Zepto,2024-06-09,Rice,Grains,Chennai,97,2,10,Upi,3.0,194,Fast,June,Sunday,9,True,Medium
Zepto,2024-06-10,Eggs,Poultry,Chennai,62,2,9,Cod,1.0,124,Fast,June,Monday,10,False,Low
Blinkit,2024-06-11,Atta,Grains,Hyderabad,199,1,19,Upi,3.0,199,Medium,June,Tuesday,11,False,Medium
Zepto,2024-06-12,Paneer,Dairy,Bangalore,81,5,7,Card,1.0,405,Fast,June,Wednesday,12,False,Low
Zepto,2024-06-13,Coke,Beverages,Hyderabad,196,5,13,Upi,1.0,980,Fast,June,Thursday,13,False,Low
Blinkit,2024-06-14,Paneer,Dairy,Hyderabad,179,4,11,Card,1.0,716,Fast,June,Friday,14,False,Low
Blinkit,2024-06-15,Paneer,Dairy,Mumbai,93,3,21,Upi,5.0,279,Slow,June,Saturday,15,True,High
Blinkit,2024-06-16,Paneer,Dairy,Bangalore,37,5,25,Cod,5.0,185,Slow,June,Sunday,16,True,High
Blinkit,2024-06-17,Butter,Dairy,Delhi,43,2,13,Cod,1.0,86,Fast,June,Monday,17,False,Low
Zepto,2024-06-18,Snacks,Snacks,Mumbai,219,3,15,Card,2.0,657,Medium,June,Tuesday,18,False,Low
Blinkit,2024-06-19,Biscuits,Bakery,Mumbai,217,2,12,Cod,1.0,434,Fast,June,Wednesday,19,False,Low
Blinkit,2024-06-20,Juice,Beverages,Delhi,63,5,17,Cod,5.0,315,Medium,June,Thursday,20,False,High
Zepto,2024-06-21,Butter,Dairy,Chennai,46,2,11,Card,5.0,92,Fast,June,Friday,21,False,High
Blinkit,2024-06-22,Butter,Dairy,Delhi,62,4,14,Card,3.0,248,Fast,June,Saturday,22,True,Medium
Blinkit,2024-06-23,Eggs,Poultry,Hyderabad,123,1,10,Cod,5.0,123,Fast,June,Sunday,23,True,High
Zepto,2024-06-24,Juice,Beverages,Mumbai,54,1,13,Card,4.0,54,Fast,June,Monday,24,False,High
Blinkit,2024-06-25,Bread,Bakery,Bangalore,85,2,12,Cod,5.0,170,Fast,June,Tuesday,25,False,High
Zepto,2024-06-26,Eggs,Poultry,Bangalore,125,4,16,Upi,2.0,500,Medium,June,Wednesday,26,False,Low
Blinkit,2024-06-27,Paneer,Dairy,Hyderabad,229,2,12,Upi,3.0,458,Fast,June,Thursday,27,False,Medium
Blinkit,2024-06-28,Milk,Dairy,Chennai,70,2,14,Card,5.0,140,Fast,June,Friday,28,False,High
Blinkit,2024-06-29,Milk,Dairy,Chennai,141,4,10,Card,5.0,564,Fast,June,Saturday,29,True,High
Blinkit,2024-06-30,Biscuits,Bakery,Delhi,135,4,23,Cod,3.0,540,Slow,June,Sunday,30,True,Medium
Blinkit,2024-07-01,Rice,Grains,Hyderabad,149,3,14,Upi,3.0,447,Fast,July,Monday,1,False,Medium
Zepto,2024-07-02,Milk,Dairy,Bangalore,58,3,20,Cod,4.0,174,Medium,July,Tuesday,2,False,High
Blinkit,2024-07-03,Atta,Grains,Chennai,227,1,19,Card,3.0,227,Medium,July,Wednesday,3,False,Medium
Blinkit,2024-07-04,Biscuits,Bakery,Chennai,141,3,12,Cod,4.0,423,Fast,July,Thursday,4,False,High
Zepto,2024-07-05,Biscuits,Bakery,Hyderabad,81,1,19,Upi,5.0,81,Medium,July,Friday,5,False,High
Blinkit,2024-07-06,Milk,Dairy,Hyderabad,134,1,24,Card,3.0,134,Slow,July,Saturday,6,True,Medium
Blinkit,2024-07-07,Milk,Dairy,Mumbai,69,1,24,Cod,5.0,69,Slow,July,Sunday,7,True,High
Blinkit,2024-07-08,Eggs,Poultry,Delhi,183,1,21,Card,4.0,183,Slow,July,Monday,8,False,High
Blinkit,2024-07-09,Atta,Grains,Mumbai,84,4,25,Upi,3.0,336,Slow,July,Tuesday,9,False,Medium
Blinkit,2024-07-10,Butter,Dairy,Bangalore,249,3,14,Card,3.0,747,Fast,July,Wednesday,10,False,Medium
Zepto,2024-07-11,Snacks,Snacks,Chennai,229,5,17,Card,2.0,1145,Medium,July,Thursday,11,False,Low
Blinkit,2024-07-12,Juice,Beverages,Bangalore,44,4,12,Card,4.0,176,Fast,July,Friday,12,False,High
Blinkit,2024-07-13,Biscuits,Bakery,Delhi,198,3,10,Card,3.0,594,Fast,July,Saturday,13,True,Medium
Zepto,2024-07-14,Coke,Beverages,Hyderabad,112,2,18,Card,2.0,224,Medium,July,Sunday,14,True,Low
Zepto,2024-07-15,Milk,Dairy,Hyderabad,39,2,12,Cod,5.0,78,Fast,July,Monday,15,False,High
Blinkit,2024-07-16,Rice,Grains,Mumbai,187,1,12,Upi,2.0,187,Fast,July,Tuesday,16,False,Low
Zepto,2024-07-17,Snacks,Snacks,Mumbai,182,4,17,Cod,3.0,728,Medium,July,Wednesday,17,False,Medium
Zepto,2024-07-18,Eggs,Poultry,Bangalore,31,2,18,Cod,5.0,62,Medium,July,Thursday,18,False,High
Zepto,2024-07-19,Milk,Dairy,Chennai,236,3,19,Upi,3.0,708,Medium,July,Friday,19,False,Medium
Zepto,2024-07-20,Rice,Grains,Delhi,129,5,8,Card,3.0,645,Fast,July,Saturday,20,True,Medium
Zepto,2024-07-21,Snacks,Snacks,Bangalore,186,5,7,Upi,3.0,930,Fast,July,Sunday,21,True,Medium
Blinkit,2024-07-22,Juice,Beverages,Bangalore,226,5,13,Card,3.0,1130,Fast,July,Monday,22,False,Medium
Zepto,2024-07-23,Juice,Beverages,Mumbai,46,3,19,Cod,4.0,138,Medium,July,Tuesday,23,False,High
Blinkit,2024-07-24,Juice,Beverages,Hyderabad,224,4,23,Cod,3.0,896,Slow,July,Wednesday,24,False,Medium
Blinkit,2024-07-25,Milk,Dairy,Chennai,200,3,13,Upi,2.0,600,Fast,July,Thursday,25,False,Low
Zepto,2024-07-26,Snacks,Snacks,Chennai,155,5,17,Upi,2.0,775,Medium,July,Friday,26,False,Low
Blinkit,2024-04-01,Biscuits,Bakery,Hyderabad,194,3,18,Cod,3.0,582,Medium,April,Monday,1,False,Medium
Zepto,2024-04-02,Snacks,Snacks,Delhi,204,1,8,Cod,5.0,204,Fast,April,Tuesday,2,False,High
Blinkit,2024-04-03,Bread,Bakery,Chennai,150,2,15,Upi,3.0,300,Medium,April,Wednesday,3,False,Medium
Zepto,2024-04-04,Snacks,Snacks,Bangalore,97,1,18,Cod,1.0,97,Medium,April,Thursday,4,False,Low
Blinkit,2024-04-05,Bread,Bakery,Mumbai,215,1,19,Card,1.0,215,Medium,April,Friday,5,False,Low
Blinkit,2024-04-06,Rice,Grains,Chennai,174,1,14,Upi,1.0,174,Fast,April,Saturday,6,True,Low
Blinkit,2024-04-07,Coke,Beverages,Delhi,143,5,16,Card,2.0,715,Medium,April,Sunday,7,True,Low
Zepto,2024-04-08,Eggs,Poultry,Chennai,124,4,20,Cod,1.0,496,Medium,April,Monday,8,False,Low
Blinkit,2024-04-09,Rice,Grains,Chennai,96,5,15,Upi,3.0,480,Medium,April,Tuesday,9,False,Medium
Blinkit,2024-04-10,Paneer,Dairy,Delhi,207,3,17,Cod,3.0,621,Medium,April,Wednesday,10,False,Medium
Blinkit,2024-04-11,Biscuits,Bakery,Mumbai,241,1,18,Upi,1.0,241,Medium,April,Thursday,11,False,Low
Blinkit,2024-04-12,Butter,Dairy,Hyderabad,213,1,23,Card,1.0,213,Slow,April,Friday,12,False,Low
Blinkit,2024-04-13,Biscuits,Bakery,Chennai,218,3,11,Cod,5.0,654,Fast,April,Saturday,13,True,High
Blinkit,2024-04-14,Juice,Beverages,Delhi,69,5,20,Card,1.0,345,Medium,April,Sunday,14,True,Low
Zepto,2024-04-15,Atta,Grains,Hyderabad,206,1,12,Upi,3.0,206,Fast,April,Monday,15,False,Medium
Blinkit,2024-04-16,Paneer,Dairy,Bangalore,45,1,18,Upi,1.0,45,Medium,April,Tuesday,16,False,Low
Zepto,2024-04-17,Milk,Dairy,Chennai,61,2,19,Cod,1.0,122,Medium,April,Wednesday,17,False,Low
Blinkit,2024-04-18,Snacks,Snacks,Hyderabad,161,3,22,Upi,3.0,483,Slow,April,Thursday,18,False,Medium
Blinkit,2024-04-19,Eggs,Poultry,Chennai,93,2,18,Cod,2.0,186,Medium,April,Friday,19,False,Low
Blinkit,2024-04-20,Milk,Dairy,Hyderabad,100,4,25,Cod,4.0,400,Slow,April,Saturday,20,True,High
Blinkit,2024-04-21,Eggs,Poultry,Hyderabad,154,1,16,Upi,3.0,154,Medium,April,Sunday,21,True,Medium
Zepto,2024-04-22,Coke,Beverages,Delhi,91,5,12,Cod,2.0,455,Fast,April,Monday,22,False,Low
Zepto,2024-04-23,Milk,Dairy,Chennai,44,2,12,Upi,1.0,88,Fast,April,Tuesday,23,False,Low
Zepto,2024-04-24,Coke,Beverages,Hyderabad,40,3,11,Cod,3.0,120,Fast,April,Wednesday,24,False,Medium
Blinkit,2024-04-25,Butter,Dairy,Mumbai,117,5,22,Card,1.0,585,Slow,April,Thursday,25,False,Low
Zepto,2024-04-26,Milk,Dairy,Bangalore,151,4,14,Cod,5.0,604,Fast,April,Friday,26,False,High
Blinkit,2024-04-27,Eggs,Poultry,Mumbai,158,3,16,Upi,3.0,474,Medium,April,Saturday,27,True,Medium
Blinkit,2024-04-28,Rice,Grains,Chennai,208,3,18,Cod,3.0,624,Medium,April,Sunday,28,True,Medium
Zepto,2024-04-29,Milk,Dairy,Bangalore,56,1,15,Card,3.0,56,Medium,April,Monday,29,False,Medium
Zepto,2024-04-30,Snacks,Snacks,Chennai,100,3,8,Cod,3.0,300,Fast,April,Tuesday,30,False,Medium
Blinkit,2024-05-01,Snacks,Snacks,Delhi,249,1,18,Card,5.0,249,Medium,May,Wednesday,1,False,High
Zepto,2024-05-02,Bread,Bakery,Mumbai,129,4,10,Upi,3.0,516,Fast,May,Thursday,2,False,Medium
Zepto,2024-05-03,Eggs,Poultry,Chennai,85,3,14,Upi,1.0,255,Fast,May,Friday,3,False,Low
Blinkit,2024-05-04,Milk,Dairy,Delhi,35,1,11,Card,4.0,35,Fast,May,Saturday,4,True,High
Blinkit,2024-05-05,Juice,Beverages,Chennai,223,4,21,Card,3.0,892,Slow,May,Sunday,5,True,Medium
Blinkit,2024-05-06,Paneer,Dairy,Bangalore,136,2,11,Upi,4.0,272,Fast,May,Monday,6,False,High
Zepto,2024-05-07,Coke,Beverages,Mumbai,119,4,14,Upi,1.0,476,Fast,May,Tuesday,7,False,Low
Zepto,2024-05-08,Coke,Beverages,Delhi,44,4,15,Upi,3.0,176,Medium,May,Wednesday,8,False,Medium
Zepto,2024-05-09,Coke,Beverages,Hyderabad,230,1,14,Cod,4.0,230,Fast,May,Thursday,9,False,High
Blinkit,2024-05-10,Paneer,Dairy,Delhi,35,2,19,Cod,3.0,70,Medium,May,Friday,10,False,Medium
Blinkit,2024-05-11,Snacks,Snacks,Chennai,228,1,21,Cod,2.0,228,Slow,May,Saturday,11,True,Low
Zepto,2024-05-12,Eggs,Poultry,Bangalore,100,5,14,Cod,2.0,500,Fast,May,Sunday,12,True,Low
Blinkit,2024-05-13,Biscuits,Bakery,Mumbai,47,3,21,Cod,3.0,141,Slow,May,Monday,13,False,Medium
Blinkit,2024-05-14,Biscuits,Bakery,Bangalore,194,2,16,Card,3.0,388,Medium,May,Tuesday,14,False,Medium
Zepto,2024-05-15,Atta,Grains,Mumbai,215,1,8,Card,1.0,215,Fast,May,Wednesday,15,False,Low
Zepto,2024-05-16,Butter,Dairy,Mumbai,156,4,17,Cod,3.0,624,Medium,May,Thursday,16,False,Medium
Zepto,2024-05-17,Eggs,Poultry,Delhi,42,5,14,Cod,5.0,210,Fast,May,Friday,17,False,High
Zepto,2024-05-18,Milk,Dairy,Delhi,132,5,16,Cod,3.0,660,Medium,May,Saturday,18,True,Medium
Blinkit,2024-05-19,Coke,Beverages,Mumbai,102,4,16,Upi,4.0,408,Medium,May,Sunday,19,True,High
Zepto,2024-05-20,Paneer,Dairy,Mumbai,48,3,14,Upi,2.0,144,Fast,May,Monday,20,False,Low
Blinkit,2024-05-21,Bread,Bakery,Chennai,229,3,12,Upi,5.0,687,Fast,May,Tuesday,21,False,High
Blinkit,2024-05-22,Biscuits,Bakery,Delhi,52,2,25,Cod,5.0,104,Slow,May,Wednesday,22,False,High
Zepto,2024-05-23,Atta,Grains,Mumbai,112,1,18,Upi,3.0,112,Medium,May,Thursday,23,False,Medium
Blinkit,2024-05-24,Butter,Dairy,Delhi,59,4,14,Cod,2.0,236,Fast,May,Friday,24,False,Low
Zepto,2024-05-25,Atta,Grains,Hyderabad,162,2,10,Upi,3.0,324,Fast,May,Saturday,25,True,Medium
Blinkit,2024-05-26,Atta,Grains,Chennai,184,3,18,Cod,1.0,552,Medium,May,Sunday,26,True,Low
Zepto,2024-05-27,Bread,Bakery,Mumbai,113,4,11,Cod,3.0,452,Fast,May,Monday,27,False,Medium
Blinkit,2024-05-28,Paneer,Dairy,Chennai,158,4,12,Upi,3.0,632,Fast,May,Tuesday,28,False,Medium
Blinkit,2024-05-29,Eggs,Poultry,Bangalore,189,5,22,Upi,4.0,945,Slow,May,Wednesday,29,False,High
Zepto,2024-05-30,Juice,Beverages,Chennai,98,5,19,Cod,3.0,490,Medium,May,Thursday,30,False,Medium
Blinkit,2024-05-31,Paneer,Dairy,Delhi,162,2,13,Card,4.0,324,Fast,May,Friday,31,False,High
Zepto,2024-06-01,Paneer,Dairy,Chennai,56,1,20,Cod,4.0,56,Medium,June,Saturday,1,True,High
Blinkit,2024-06-02,Paneer,Dairy,Mumbai,197,3,22,Cod,2.0,591,Slow,June,Sunday,2,True,Low
Blinkit,2024-06-03,Snacks,Snacks,Hyderabad,38,4,12,Upi,3.0,152,Fast,June,Monday,3,False,Medium
Zepto,2024-06-04,Bread,Bakery,Bangalore,91,2,10,Cod,2.0,182,Fast,June,Tuesday,4,False,Low
Blinkit,2024-06-05,Paneer,Dairy,Chennai,245,4,19,Cod,3.0,980,Medium,June,Wednesday,5,False,Medium
Blinkit,2024-06-06,Biscuits,Bakery,Delhi,68,2,21,Cod,3.0,136,Slow,June,Thursday,6,False,Medium
Blinkit,2024-06-07,Bread,Bakery,Mumbai,194,1,16,Cod,3.0,194,Medium,June,Friday,7,False,Medium
Zepto,2024-06-08,Eggs,Poultry,Delhi,216,1,9,Cod,3.0,216,Fast,June,Saturday,8,True,Medium
Zepto,2024-06-09,Atta,Grains,Bangalore,42,1,17,Upi,4.0,42,Medium,June,Sunday,9,True,High
Blinkit,2024-06-10,Rice,Grains,Delhi,215,3,21,Upi,5.0,645,Slow,June,Monday,10,False,High
Blinkit,2024-06-11,Butter,Dairy,Bangalore,64,3,12,Upi,3.0,192,Fast,June,Tuesday,11,False,Medium
Zepto,2024-06-12,Juice,Beverages,Bangalore,42,5,15,Cod,5.0,210,Medium,June,Wednesday,12,False,High
Zepto,2024-06-13,Rice,Grains,Bangalore,198,3,9,Cod,4.0,594,Fast,June,Thursday,13,False,High
Zepto,2024-06-14,Juice,Beverages,Hyderabad,129,5,12,Card,4.0,645,Fast,June,Friday,14,False,High
Blinkit,2024-06-15,Biscuits,Bakery,Mumbai,216,4,12,Upi,3.0,864,Fast,June,Saturday,15,True,Medium
Blinkit,2024-06-16,Bread,Bakery,Chennai,146,3,18,Upi,1.0,438,Medium,June,Sunday,16,True,Low
Zepto,2024-06-17,Coke,Beverages,Hyderabad,90,1,19,Upi,3.0,90,Medium,June,Monday,17,False,Medium
Blinkit,2024-06-18,Milk,Dairy,Chennai,42,3,20,Cod,4.0,126,Medium,June,Tuesday,18,False,High
Zepto,2024-06-19,Atta,Grains,Hyderabad,58,5,16,Upi,3.0,290,Medium,June,Wednesday,19,False,Medium
Zepto,2024-06-20,Juice,Beverages,Mumbai,139,2,12,Card,4.0,278,Fast,June,Thursday,20,False,High
Blinkit,2024-06-21,Coke,Beverages,Delhi,250,1,12,Card,3.0,250,Fast,June,Friday,21,False,Medium
Blinkit,2024-06-22,Snacks,Snacks,Delhi,137,4,18,Upi,1.0,548,Medium,June,Saturday,22,True,Low
Zepto,2024-06-23,Milk,Dairy,Bangalore,83,2,11,Cod,3.0,166,Fast,June,Sunday,23,True,Medium
Zepto,2024-06-24,Eggs,Poultry,Chennai,138,1,13,Upi,4.0,138,Fast,June,Monday,24,False,High
Blinkit,2024-06-25,Juice,Beverages,Hyderabad,56,4,17,Upi,4.0,224,Medium,June,Tuesday,25,False,High
Zepto,2024-06-26,Coke,Beverages,Bangalore,67,5,20,Cod,1.0,335,Medium,June,Wednesday,26,False,Low
Blinkit,2024-06-27,Biscuits,Bakery,Hyderabad,228,2,23,Card,3.0,456,Slow,June,Thursday,27,False,Medium
Blinkit,2024-06-28,Atta,Grains,Bangalore,45,5,12,Card,2.0,225,Fast,June,Friday,28,False,Low
Blinkit,2024-06-29,Rice,Grains,Hyderabad,203,4,14,Cod,2.0,812,Fast,June,Saturday,29,True,Low
Zepto,2024-06-30,Rice,Grains,Chennai,69,1,13,Upi,2.0,69,Fast,June,Sunday,30,True,Low
Zepto,2024-07-01,Rice,Grains,Chennai,97,2,10,Upi,3.0,194,Fast,July,Monday,1,False,Medium
Zepto,2024-07-02,Eggs,Poultry,Chennai,62,2,9,Cod,1.0,124,Fast,July,Tuesday,2,False,Low
Blinkit,2024-07-03,Atta,Grains,Hyderabad,199,1,19,Upi,3.0,199,Medium,July,Wednesday,3,False,Medium
Zepto,2024-07-04,Paneer,Dairy,Bangalore,81,5,7,Card,1.0,405,Fast,July,Thursday,4,False,Low
Zepto,2024-07-05,Coke,Beverages,Hyderabad,196,5,13,Upi,1.0,980,Fast,July,Friday,5,False,Low
Blinkit,2024-07-06,Paneer,Dairy,Hyderabad,179,4,11,Card,1.0,716,Fast,July,Saturday,6,True,Low
Blinkit,2024-07-07,Paneer,Dairy,Mumbai,93,3,21,Upi,5.0,279,Slow,July,Sunday,7,True,High
Blinkit,2024-07-08,Paneer,Dairy,Bangalore,37,5,25,Cod,5.0,185,Slow,July,Monday,8,False,High
Blinkit,2024-07-09,Butter,Dairy,Delhi,43,2,13,Cod,1.0,86,Fast,July,Tuesday,9,False,Low
Zepto,2024-07-10,Snacks,Snacks,Mumbai,219,3,15,Card,2.0,657,Medium,July,Wednesday,10,False,Low
Blinkit,2024-07-11,Biscuits,Bakery,Mumbai,217,2,12,Cod,1.0,434,Fast,July,Thursday,11,False,Low
Blinkit,2024-07-12,Juice,Beverages,Delhi,63,5,17,Cod,5.0,315,Medium,July,Friday,12,False,High
Zepto,2024-07-13,Butter,Dairy,Chennai,46,2,11,Card,5.0,92,Fast,July,Saturday,13,True,High
Blinkit,2024-07-14,Butter,Dairy,Delhi,62,4,14,Card,3.0,248,Fast,July,Sunday,14,True,Medium
Blinkit,2024-07-15,Eggs,Poultry,Hyderabad,123,1,10,Cod,5.0,123,Fast,July,Monday,15,False,High
Zepto,2024-07-16,Juice,Beverages,Mumbai,54,1,13,Card,4.0,54,Fast,July,Tuesday,16,False,High
Blinkit,2024-07-17,Bread,Bakery,Bangalore,85,2,12,Cod,5.0,170,Fast,July,Wednesday,17,False,High
Zepto,2024-07-18,Eggs,Poultry,Bangalore,125,4,16,Upi,2.0,500,Medium,July,Thursday,18,False,Low
Blinkit,2024-07-19,Paneer,Dairy,Hyderabad,229,2,12,Upi,3.0,458,Fast,July,Friday,19,False,Medium
Blinkit,2024-07-20,Milk,Dairy,Chennai,70,2,14,Card,5.0,140,Fast,July,Saturday,20,True,High
Blinkit,2024-07-21,Milk,Dairy,Chennai,141,4,10,Card,5.0,564,Fast,July,Sunday,21,True,High
Blinkit,2024-07-22,Biscuits,Bakery,Delhi,135,4,23,Cod,3.0,540,Slow,July,Monday,22,False,Medium
Blinkit,2024-07-23,Rice,Grains,Hyderabad,149,3,14,Upi,3.0,447,Fast,July,Tuesday,23,False,Medium
Zepto,2024-07-24,Milk,Dairy,Bangalore,58,3,20,Cod,4.0,174,Medium,July,Wednesday,24,False,High
Blinkit,2024-07-25,Atta,Grains,Chennai,227,1,19,Card,3.0,227,Medium,July,Thursday,25,False,Medium
Blinkit,2024-07-26,Biscuits,Bakery,Chennai,141,3,12,Cod,4.0,423,Fast,July,Friday,26,False,High
Zepto,2024-07-27,Biscuits,Bakery,Hyderabad,81,1,19,Upi,5.0,81,Medium,July,Saturday,27,True,High
Blinkit,2024-07-28,Milk,Dairy,Hyderabad,134,1,24,Card,3.0,134,Slow,July,Sunday,28,True,Medium
Blinkit,2024-07-29,Milk,Dairy,Mumbai,69,1,24,Cod,5.0,69,Slow,July,Monday,29,False,High
Blinkit,2024-07-30,Eggs,Poultry,Delhi,183,1,21,Card,4.0,183,Slow,July,Tuesday,30,False,High
Blinkit,2024-07-31,Atta,Grains,Mumbai,84,4,25,Upi,3.0,336,Slow,July,Wednesday,31,False,Medium
Blinkit,2024-08-01,Butter,Dairy,Bangalore,249,3,14,Card,3.0,747,Fast,August,Thursday,1,False,Medium
Zepto,2024-08-02,Snacks,Snacks,Chennai,229,5,17,Card,2.0,1145,Medium,August,Friday,2,False,Low
Blinkit,2024-08-03,Juice,Beverages,Bangalore,44,4,12,Card,4.0,176,Fast,August,Saturday,3,True,High
Blinkit,2024-08-04,Biscuits,Bakery,Delhi,198,3,10,Card,3.0,594,Fast,August,Sunday,4,True,Medium
Zepto,2024-08-05,Coke,Beverages,Hyderabad,112,2,18,Card,2.0,224,Medium,August,Monday,5,False,Low
Zepto,2024-08-06,Milk,Dairy,Hyderabad,39,2,12,Cod,5.0,78,Fast,August,Tuesday,6,False,High
Blinkit,2024-08-07,Rice,Grains,Mumbai,187,1,12,Upi,2.0,187,Fast,August,Wednesday,7,False,Low
Zepto,2024-08-08,Snacks,Snacks,Mumbai,182,4,17,Cod,3.0,728,Medium,August,Thursday,8,False,Medium
Zepto,2024-08-09,Eggs,Poultry,Bangalore,31,2,18,Cod,5.0,62,Medium,August,Friday,9,False,High
Zepto,2024-08-10,Milk,Dairy,Chennai,236,3,19,Upi,3.0,708,Medium,August,Saturday,10,True,Medium
Zepto,2024-08-11,Rice,Grains,Delhi,129,5,8,Card,3.0,645,Fast,August,Sunday,11,True,Medium
Zepto,2024-08-12,Snacks,Snacks,Bangalore,186,5,7,Upi,3.0,930,Fast,August,Monday,12,False,Medium
Blinkit,2024-08-13,Juice,Beverages,Bangalore,226,5,13,Card,3.0,1130,Fast,August,Tuesday,13,False,Medium
Zepto,2024-08-14,Juice,Beverages,Mumbai,46,3,19,Cod,4.0,138,Medium,August,Wednesday,14,False,High
Blinkit,2024-08-15,Juice,Beverages,Hyderabad,224,4,23,Cod,3.0,896,Slow,August,Thursday,15,False,Medium
Blinkit,2024-08-16,Milk,Dairy,Chennai,200,3,13,Upi,2.0,600,Fast,August,Friday,16,False,Low
Zepto,2024-08-17,Snacks,Snacks,Chennai,155,5,17,Upi,2.0,775,Medium,August,Saturday,17,True,Low
Blinkit,2024-08-18,Biscuits,Bakery,Hyderabad,194,3,18,Cod,3.0,582,Medium,August,Sunday,18,True,Medium
Zepto,2024-08-19,Snacks,Snacks,Delhi,204,1,8,Cod,5.0,204,Fast,August,Monday,19,False,High
Blinkit,2024-08-20,Bread,Bakery,Chennai,150,2,15,Upi,3.0,300,Medium,August,Tuesday,20,False,Medium
Zepto,2024-08-21,Snacks,Snacks,Bangalore,97,1,18,Cod,1.0,97,Medium,August,Wednesday,21,False,Low
Blinkit,2024-08-22,Bread,Bakery,Mumbai,215,1,19,Card,1.0,215,Medium,August,Thursday,22,False,Low
Blinkit,2024-08-23,Rice,Grains,Chennai,174,1,14,Upi,1.0,174,Fast,August,Friday,23,False,Low
Blinkit,2024-08-24,Coke,Beverages,Delhi,143,5,16,Card,2.0,715,Medium,August,Saturday,24,True,Low
Zepto,2024-08-25,Eggs,Poultry,Chennai,124,4,20,Cod,1.0,496,Medium,August,Sunday,25,True,Low
Blinkit,2024-08-26,Rice,Grains,Chennai,96,5,15,Upi,3.0,480,Medium,August,Monday,26,False,Medium
Blinkit,2024-08-27,Paneer,Dairy,Delhi,207,3,17,Cod,3.0,621,Medium,August,Tuesday,27,False,Medium
Blinkit,2024-08-28,Biscuits,Bakery,Mumbai,241,1,18,Upi,1.0,241,Medium,August,Wednesday,28,False,Low
Blinkit,2024-08-29,Butter,Dairy,Hyderabad,213,1,23,Card,1.0,213,Slow,August,Thursday,29,False,Low
Blinkit,2024-08-30,Biscuits,Bakery,Chennai,218,3,11,Cod,5.0,654,Fast,August,Friday,30,False,High
Blinkit,2024-08-31,Juice,Beverages,Delhi,69,5,20,Card,1.0,345,Medium,August,Saturday,31,True,Low
Zepto,2024-09-01,Atta,Grains,Hyderabad,206,1,12,Upi,3.0,206,Fast,September,Sunday,1,True,Medium
Blinkit,2024-09-02,Paneer,Dairy,Bangalore,45,1,18,Upi,1.0,45,Medium,September,Monday,2,False,Low
Zepto,2024-09-03,Milk,Dairy,Chennai,61,2,19,Cod,1.0,122,Medium,September,Tuesday,3,False,Low
Blinkit,2024-09-04,Snacks,Snacks,Hyderabad,161,3,22,Upi,3.0,483,Slow,September,Wednesday,4,False,Medium
Blinkit,2024-09-05,Eggs,Poultry,Chennai,93,2,18,Cod,2.0,186,Medium,September,Thursday,5,False,Low
Blinkit,2024-09-06,Milk,Dairy,Hyderabad,100,4,25,Cod,4.0,400,Slow,September,Friday,6,False,High
Blinkit,2024-09-07,Eggs,Poultry,Hyderabad,154,1,16,Upi,3.0,154,Medium,September,Saturday,7,True,Medium
Zepto,2024-09-08,Coke,Beverages,Delhi,91,5,12,Cod,2.0,455,Fast,September,Sunday,8,True,Low
Zepto,2024-09-09,Milk,Dairy,Chennai,44,2,12,Upi,1.0,88,Fast,September,Monday,9,False,Low
Zepto,2024-09-10,Coke,Beverages,Hyderabad,40,3,11,Cod,3.0,120,Fast,September,Tuesday,10,False,Medium
Blinkit,2024-09-11,Butter,Dairy,Mumbai,117,5,22,Card,1.0,585,Slow,September,Wednesday,11,False,Low
Zepto,2024-09-12,Milk,Dairy,Bangalore,151,4,14,Cod,5.0,604,Fast,September,Thursday,12,False,High
Blinkit,2024-09-13,Eggs,Poultry,Mumbai,158,3,16,Upi,3.0,474,Medium,September,Friday,13,False,Medium
Blinkit,2024-09-14,Rice,Grains,Chennai,208,3,18,Cod,3.0,624,Medium,September,Saturday,14,True,Medium
Zepto,2024-09-15,Milk,Dairy,Bangalore,56,1,15,Card,3.0,56,Medium,September,Sunday,15,True,Medium
